event_id,date,user_id,page
L1-1-0001,2026-09-01,U0001,/pricing
L1-1-0002,2026-09-01,U0002,/docs
L1-1-0003,2026-09-01,U0003,/products
L1-1-0004,2026-09-01,U0004,/contact
L1-1-0005,2026-09-01,U0005,/home
L1-1-0006,2026-09-01,U0006,/pricing
L1-1-0007,2026-09-01,U0007,/docs
L1-1-0008,2026-09-01,U0008,/products
L1-1-0009,2026-09-01,U0009,/contact
L1-1-0010,2026-09-01,U0010,/home
L1-1-0011,2026-09-01,U0011,/pricing
L1-1-0012,2026-09-01,U0012,/docs
L1-1-0013,2026-09-01,U0013,/products
L1-1-0014,2026-09-01,U0014,/contact
L1-1-0015,2026-09-01,U0015,/home
L1-1-0016,2026-09-01,U0016,/pricing
L1-1-0017,2026-09-01,U0017,/docs
L1-1-0018,2026-09-01,U0018,/products
L1-1-0019,2026-09-01,U0019,/contact
L1-1-0020,2026-09-01,U0020,/home
L1-1-0021,2026-09-01,U0021,/pricing
L1-1-0022,2026-09-01,U0022,/docs
L1-1-0023,2026-09-01,U0023,/products
L1-1-0024,2026-09-01,U0024,/contact
L1-1-0025,2026-09-01,U0025,/home
L1-1-0026,2026-09-01,U0026,/pricing
L1-1-0027,2026-09-01,U0027,/docs
L1-1-0028,2026-09-01,U0028,/products
L1-1-0029,2026-09-01,U0029,/contact
L1-1-0030,2026-09-01,U0030,/home
L1-1-0031,2026-09-01,U0031,/pricing
L1-1-0032,2026-09-01,U0032,/docs
L1-1-0033,2026-09-01,U0033,/products
L1-1-0034,2026-09-01,U0034,/contact
L1-1-0035,2026-09-01,U0035,/home
L1-1-0036,2026-09-01,U0036,/pricing
L1-1-0037,2026-09-01,U0037,/docs
L1-1-0038,2026-09-01,U0038,/products
L1-1-0039,2026-09-01,U0039,/contact
L1-1-0040,2026-09-01,U0040,/home
L1-1-0041,2026-09-01,U0041,/pricing
L1-1-0042,2026-09-01,U0042,/docs
L1-1-0043,2026-09-01,U0043,/products
L1-1-0044,2026-09-01,U0044,/contact
L1-1-0045,2026-09-01,U0045,/home
L1-1-0046,2026-09-01,U0046,/pricing
L1-1-0047,2026-09-01,U0047,/docs
L1-1-0048,2026-09-01,U0048,/products
L1-1-0049,2026-09-01,U0049,/contact
L1-1-0050,2026-09-01,U0050,/home
L1-1-0051,2026-09-01,U0051,/pricing
L1-1-0052,2026-09-01,U0052,/docs
L1-1-0053,2026-09-01,U0053,/products
L1-1-0054,2026-09-01,U0054,/contact
L1-1-0055,2026-09-01,U0055,/home
L1-1-0056,2026-09-01,U0056,/pricing
L1-1-0057,2026-09-01,U0057,/docs
L1-1-0058,2026-09-01,U0058,/products
L1-1-0059,2026-09-01,U0059,/contact
L1-1-0060,2026-09-01,U0060,/home
L1-1-0061,2026-09-01,U0061,/pricing
L1-1-0062,2026-09-01,U0062,/docs
L1-1-0063,2026-09-01,U0063,/products
L1-1-0064,2026-09-01,U0064,/contact
L1-1-0065,2026-09-01,U0065,/home
L1-1-0066,2026-09-01,U0066,/pricing
L1-1-0067,2026-09-01,U0067,/docs
L1-1-0068,2026-09-01,U0068,/products
L1-1-0069,2026-09-01,U0069,/contact
L1-1-0070,2026-09-01,U0070,/home
L1-1-0071,2026-09-01,U0071,/pricing
L1-1-0072,2026-09-01,U0072,/docs
L1-1-0073,2026-09-01,U0073,/products
L1-1-0074,2026-09-01,U0074,/contact
L1-1-0075,2026-09-01,U0075,/home
L1-1-0076,2026-09-01,U0076,/pricing
L1-1-0077,2026-09-01,U0077,/docs
L1-1-0078,2026-09-01,U0078,/products
L1-1-0079,2026-09-01,U0079,/contact
L1-1-0080,2026-09-01,U0080,/home
L1-1-0081,2026-09-01,U0081,/pricing
L1-1-0082,2026-09-01,U0082,/docs
L1-1-0083,2026-09-01,U0083,/products
L1-1-0084,2026-09-01,U0084,/contact
L1-1-0085,2026-09-01,U0085,/home
L1-1-0086,2026-09-01,U0086,/pricing
L1-1-0087,2026-09-01,U0087,/docs
L1-1-0088,2026-09-01,U0088,/products
L1-1-0089,2026-09-01,U0089,/contact
L1-1-0090,2026-09-01,U0090,/home
L1-1-0091,2026-09-01,U0091,/pricing
L1-1-0092,2026-09-01,U0092,/docs
L1-1-0093,2026-09-01,U0093,/products
L1-1-0094,2026-09-01,U0094,/contact
L1-1-0095,2026-09-01,U0095,/home
L1-1-0096,2026-09-01,U0096,/pricing
L1-1-0097,2026-09-01,U0097,/docs
L1-1-0098,2026-09-01,U0098,/products
L1-1-0099,2026-09-01,U0099,/contact
L1-1-0100,2026-09-01,U0100,/home
L1-1-0101,2026-09-01,U0101,/pricing
L1-1-0102,2026-09-01,U0102,/docs
L1-1-0103,2026-09-01,U0103,/products
L1-1-0104,2026-09-01,U0104,/contact
L1-1-0105,2026-09-01,U0105,/home
L1-1-0106,2026-09-01,U0106,/pricing
L1-1-0107,2026-09-01,U0107,/docs
L1-1-0108,2026-09-01,U0108,/products
L1-1-0109,2026-09-01,U0109,/contact
L1-1-0110,2026-09-01,U0110,/home
L1-1-0111,2026-09-01,U0111,/pricing
L1-1-0112,2026-09-01,U0112,/docs
L1-1-0113,2026-09-01,U0113,/products
L1-1-0114,2026-09-01,U0114,/contact
L1-1-0115,2026-09-01,U0115,/home
L1-1-0116,2026-09-01,U0116,/pricing
L1-1-0117,2026-09-01,U0117,/docs
L1-1-0118,2026-09-01,U0118,/products
L1-1-0119,2026-09-01,U0119,/contact
L1-1-0120,2026-09-01,U0120,/home
L1-1-0121,2026-09-01,U0121,/pricing
L1-1-0122,2026-09-01,U0122,/docs
L1-1-0123,2026-09-01,U0123,/products
L1-1-0124,2026-09-01,U0124,/contact
L1-1-0125,2026-09-01,U0125,/home
L1-1-0126,2026-09-01,U0126,/pricing
L1-1-0127,2026-09-01,U0127,/docs
L1-1-0128,2026-09-01,U0128,/products
L1-1-0129,2026-09-01,U0129,/contact
L1-1-0130,2026-09-01,U0130,/home
L1-1-0131,2026-09-01,U0131,/pricing
L1-1-0132,2026-09-01,U0132,/docs
L1-1-0133,2026-09-01,U0133,/products
L1-1-0134,2026-09-01,U0134,/contact
L1-1-0135,2026-09-01,U0135,/home
L1-1-0136,2026-09-01,U0136,/pricing
L1-1-0137,2026-09-01,U0137,/docs
L1-1-0138,2026-09-01,U0138,/products
L1-1-0139,2026-09-01,U0139,/contact
L1-1-0140,2026-09-01,U0140,/home
L1-1-0141,2026-09-01,U0141,/pricing
L1-1-0142,2026-09-01,U0142,/docs
L1-1-0143,2026-09-01,U0143,/products
L1-1-0144,2026-09-01,U0144,/contact
L1-1-0145,2026-09-01,U0145,/home
L1-1-0146,2026-09-01,U0146,/pricing
L1-1-0147,2026-09-01,U0147,/docs
L1-1-0148,2026-09-01,U0148,/products
L1-1-0149,2026-09-01,U0149,/contact
L1-1-0150,2026-09-01,U0150,/home
L1-1-0151,2026-09-01,U0151,/pricing
L1-1-0152,2026-09-01,U0152,/docs
L1-1-0153,2026-09-01,U0153,/products
L1-1-0154,2026-09-01,U0154,/contact
L1-1-0155,2026-09-01,U0155,/home
L1-1-0156,2026-09-01,U0156,/pricing
L1-1-0157,2026-09-01,U0157,/docs
L1-1-0158,2026-09-01,U0158,/products
L1-1-0159,2026-09-01,U0159,/contact
L1-1-0160,2026-09-01,U0160,/home
L1-1-0161,2026-09-01,U0161,/pricing
L1-1-0162,2026-09-01,U0162,/docs
L1-1-0163,2026-09-01,U0163,/products
L1-1-0164,2026-09-01,U0164,/contact
L1-1-0165,2026-09-01,U0165,/home
L1-1-0166,2026-09-01,U0166,/pricing
L1-1-0167,2026-09-01,U0167,/docs
L1-1-0168,2026-09-01,U0168,/products
L1-1-0169,2026-09-01,U0169,/contact
L1-1-0170,2026-09-01,U0170,/home
L1-1-0171,2026-09-01,U0171,/pricing
L1-1-0172,2026-09-01,U0172,/docs
L1-1-0173,2026-09-01,U0173,/products
L1-1-0174,2026-09-01,U0174,/contact
L1-1-0175,2026-09-01,U0175,/home
L1-1-0176,2026-09-01,U0176,/pricing
L1-1-0177,2026-09-01,U0177,/docs
L1-1-0178,2026-09-01,U0178,/products
L1-1-0179,2026-09-01,U0179,/contact
L1-1-0180,2026-09-01,U0180,/home
L1-1-0181,2026-09-01,U0181,/pricing
L1-1-0182,2026-09-01,U0182,/docs
L1-1-0183,2026-09-01,U0183,/products
L1-1-0184,2026-09-01,U0184,/contact
L1-1-0185,2026-09-01,U0185,/home
L1-1-0186,2026-09-01,U0186,/pricing
L1-1-0187,2026-09-01,U0187,/docs
L1-1-0188,2026-09-01,U0188,/products
L1-1-0189,2026-09-01,U0189,/contact
L1-1-0190,2026-09-01,U0190,/home
L1-1-0191,2026-09-01,U0191,/pricing
L1-1-0192,2026-09-01,U0192,/docs
L1-1-0193,2026-09-01,U0193,/products
L1-1-0194,2026-09-01,U0194,/contact
L1-1-0195,2026-09-01,U0195,/home
L1-1-0196,2026-09-01,U0196,/pricing
L1-1-0197,2026-09-01,U0197,/docs
L1-1-0198,2026-09-01,U0198,/products
L1-1-0199,2026-09-01,U0199,/contact
L1-1-0200,2026-09-01,U0200,/home
L1-1-0201,2026-09-01,U0201,/pricing
L1-1-0202,2026-09-01,U0202,/docs
L1-1-0203,2026-09-01,U0203,/products
L1-1-0204,2026-09-01,U0204,/contact
L1-1-0205,2026-09-01,U0205,/home
L1-1-0206,2026-09-01,U0206,/pricing
L1-1-0207,2026-09-01,U0207,/docs
L1-1-0208,2026-09-01,U0208,/products
L1-1-0209,2026-09-01,U0209,/contact
L1-1-0210,2026-09-01,U0210,/home
L1-1-0211,2026-09-01,U0211,/pricing
L1-1-0212,2026-09-01,U0212,/docs
L1-1-0213,2026-09-01,U0213,/products
L1-1-0214,2026-09-01,U0214,/contact
L1-1-0215,2026-09-01,U0215,/home
L1-1-0216,2026-09-01,U0216,/pricing
L1-1-0217,2026-09-01,U0217,/docs
L1-1-0218,2026-09-01,U0218,/products
L1-1-0219,2026-09-01,U0219,/contact
L1-1-0220,2026-09-01,U0220,/home
L1-1-0221,2026-09-01,U0221,/pricing
L1-1-0222,2026-09-01,U0222,/docs
L1-1-0223,2026-09-01,U0223,/products
L1-1-0224,2026-09-01,U0224,/contact
L1-1-0225,2026-09-01,U0225,/home
L1-1-0226,2026-09-01,U0226,/pricing
L1-1-0227,2026-09-01,U0227,/docs
L1-1-0228,2026-09-01,U0228,/products
L1-1-0229,2026-09-01,U0229,/contact
L1-1-0230,2026-09-01,U0230,/home
L1-1-0231,2026-09-01,U0231,/pricing
L1-1-0232,2026-09-01,U0232,/docs
L1-1-0233,2026-09-01,U0233,/products
L1-1-0234,2026-09-01,U0234,/contact
L1-1-0235,2026-09-01,U0235,/home
L1-1-0236,2026-09-01,U0236,/pricing
L1-1-0237,2026-09-01,U0237,/docs
L1-1-0238,2026-09-01,U0238,/products
L1-1-0239,2026-09-01,U0239,/contact
L1-1-0240,2026-09-01,U0240,/home
L1-1-0241,2026-09-01,U0241,/pricing
L1-1-0242,2026-09-01,U0242,/docs
L1-1-0243,2026-09-01,U0243,/products
L1-1-0244,2026-09-01,U0244,/contact
L1-1-0245,2026-09-01,U0245,/home
L1-1-0246,2026-09-01,U0246,/pricing
L1-1-0247,2026-09-01,U0247,/docs
L1-1-0248,2026-09-01,U0248,/products
L1-1-0249,2026-09-01,U0249,/contact
L1-1-0250,2026-09-01,U0250,/home
L1-1-0251,2026-09-01,U0251,/pricing
L1-1-0252,2026-09-01,U0252,/docs
L1-1-0253,2026-09-01,U0253,/products
L1-1-0254,2026-09-01,U0254,/contact
L1-1-0255,2026-09-01,U0255,/home
L1-1-0256,2026-09-01,U0256,/pricing
L1-1-0257,2026-09-01,U0257,/docs
L1-1-0258,2026-09-01,U0258,/products
L1-1-0259,2026-09-01,U0259,/contact
L1-1-0260,2026-09-01,U0260,/home
L1-1-0261,2026-09-01,U0261,/pricing
L1-1-0262,2026-09-01,U0262,/docs
L1-1-0263,2026-09-01,U0263,/products
L1-1-0264,2026-09-01,U0264,/contact
L1-1-0265,2026-09-01,U0265,/home
L1-1-0266,2026-09-01,U0266,/pricing
L1-1-0267,2026-09-01,U0267,/docs
L1-1-0268,2026-09-01,U0268,/products
L1-1-0269,2026-09-01,U0269,/contact
L1-1-0270,2026-09-01,U0270,/home
L1-1-0271,2026-09-01,U0271,/pricing
L1-1-0272,2026-09-01,U0272,/docs
L1-1-0273,2026-09-01,U0273,/products
L1-1-0274,2026-09-01,U0274,/contact
L1-1-0275,2026-09-01,U0275,/home
L1-1-0276,2026-09-01,U0276,/pricing
L1-1-0277,2026-09-01,U0277,/docs
L1-1-0278,2026-09-01,U0278,/products
L1-1-0279,2026-09-01,U0279,/contact
L1-1-0280,2026-09-01,U0280,/home
L1-1-0281,2026-09-01,U0281,/pricing
L1-1-0282,2026-09-01,U0282,/docs
L1-1-0283,2026-09-01,U0283,/products
L1-1-0284,2026-09-01,U0284,/contact
L1-1-0285,2026-09-01,U0285,/home
L1-1-0286,2026-09-01,U0286,/pricing
L1-1-0287,2026-09-01,U0287,/docs
L1-1-0288,2026-09-01,U0288,/products
L1-1-0289,2026-09-01,U0289,/contact
L1-1-0290,2026-09-01,U0290,/home
L1-1-0291,2026-09-01,U0291,/pricing
L1-1-0292,2026-09-01,U0292,/docs
L1-1-0293,2026-09-01,U0293,/products
L1-1-0294,2026-09-01,U0294,/contact
L1-1-0295,2026-09-01,U0295,/home
L1-1-0296,2026-09-01,U0296,/pricing
L1-1-0297,2026-09-01,U0297,/docs
L1-1-0298,2026-09-01,U0298,/products
L1-1-0299,2026-09-01,U0299,/contact
L1-1-0300,2026-09-01,U0300,/home
L1-1-0301,2026-09-01,U0301,/pricing
L1-1-0302,2026-09-01,U0302,/docs
L1-1-0303,2026-09-01,U0303,/products
L1-1-0304,2026-09-01,U0304,/contact
L1-1-0305,2026-09-01,U0305,/home
L1-1-0306,2026-09-01,U0306,/pricing
L1-1-0307,2026-09-01,U0307,/docs
L1-1-0308,2026-09-01,U0308,/products
L1-1-0309,2026-09-01,U0309,/contact
L1-1-0310,2026-09-01,U0310,/home
L1-1-0311,2026-09-01,U0311,/pricing
L1-1-0312,2026-09-01,U0312,/docs
L1-1-0313,2026-09-01,U0313,/products
L1-1-0314,2026-09-01,U0314,/contact
L1-1-0315,2026-09-01,U0315,/home
L1-1-0316,2026-09-01,U0316,/pricing
L1-1-0317,2026-09-01,U0317,/docs
L1-1-0318,2026-09-01,U0318,/products
L1-1-0319,2026-09-01,U0319,/contact
L1-1-0320,2026-09-01,U0320,/home
L1-1-0321,2026-09-01,U0001,/pricing
L1-1-0322,2026-09-01,U0002,/docs
L1-1-0323,2026-09-01,U0003,/products
L1-1-0324,2026-09-01,U0004,/contact
L1-1-0325,2026-09-01,U0005,/home
L1-1-0326,2026-09-01,U0006,/pricing
L1-1-0327,2026-09-01,U0007,/docs
L1-1-0328,2026-09-01,U0008,/products
L1-1-0329,2026-09-01,U0009,/contact
L1-1-0330,2026-09-01,U0010,/home
L1-1-0331,2026-09-01,U0011,/pricing
L1-1-0332,2026-09-01,U0012,/docs
L1-1-0333,2026-09-01,U0013,/products
L1-1-0334,2026-09-01,U0014,/contact
L1-1-0335,2026-09-01,U0015,/home
L1-1-0336,2026-09-01,U0016,/pricing
L1-1-0337,2026-09-01,U0017,/docs
L1-1-0338,2026-09-01,U0018,/products
L1-1-0339,2026-09-01,U0019,/contact
L1-1-0340,2026-09-01,U0020,/home
L1-1-0341,2026-09-01,U0021,/pricing
L1-1-0342,2026-09-01,U0022,/docs
L1-1-0343,2026-09-01,U0023,/products
L1-1-0344,2026-09-01,U0024,/contact
L1-1-0345,2026-09-01,U0025,/home
L1-1-0346,2026-09-01,U0026,/pricing
L1-1-0347,2026-09-01,U0027,/docs
L1-1-0348,2026-09-01,U0028,/products
L1-1-0349,2026-09-01,U0029,/contact
L1-1-0350,2026-09-01,U0030,/home
L1-1-0351,2026-09-01,U0031,/pricing
L1-1-0352,2026-09-01,U0032,/docs
L1-1-0353,2026-09-01,U0033,/products
L1-1-0354,2026-09-01,U0034,/contact
L1-1-0355,2026-09-01,U0035,/home
L1-1-0356,2026-09-01,U0036,/pricing
L1-1-0357,2026-09-01,U0037,/docs
L1-1-0358,2026-09-01,U0038,/products
L1-1-0359,2026-09-01,U0039,/contact
L1-1-0360,2026-09-01,U0040,/home
L1-1-0361,2026-09-01,U0041,/pricing
L1-1-0362,2026-09-01,U0042,/docs
L1-1-0363,2026-09-01,U0043,/products
L1-1-0364,2026-09-01,U0044,/contact
L1-1-0365,2026-09-01,U0045,/home
L1-1-0366,2026-09-01,U0046,/pricing
L1-1-0367,2026-09-01,U0047,/docs
L1-1-0368,2026-09-01,U0048,/products
L1-1-0369,2026-09-01,U0049,/contact
L1-1-0370,2026-09-01,U0050,/home
L1-1-0371,2026-09-01,U0051,/pricing
L1-1-0372,2026-09-01,U0052,/docs
L1-1-0373,2026-09-01,U0053,/products
L1-1-0374,2026-09-01,U0054,/contact
L1-1-0375,2026-09-01,U0055,/home
L1-1-0376,2026-09-01,U0056,/pricing
L1-1-0377,2026-09-01,U0057,/docs
L1-1-0378,2026-09-01,U0058,/products
L1-1-0379,2026-09-01,U0059,/contact
L1-1-0380,2026-09-01,U0060,/home
L1-1-0381,2026-09-01,U0061,/pricing
L1-1-0382,2026-09-01,U0062,/docs
L1-1-0383,2026-09-01,U0063,/products
L1-1-0384,2026-09-01,U0064,/contact
L1-1-0385,2026-09-01,U0065,/home
L1-1-0386,2026-09-01,U0066,/pricing
L1-1-0387,2026-09-01,U0067,/docs
L1-1-0388,2026-09-01,U0068,/products
L1-1-0389,2026-09-01,U0069,/contact
L1-1-0390,2026-09-01,U0070,/home
L1-1-0391,2026-09-01,U0071,/pricing
L1-1-0392,2026-09-01,U0072,/docs
L1-1-0393,2026-09-01,U0073,/products
L1-1-0394,2026-09-01,U0074,/contact
L1-1-0395,2026-09-01,U0075,/home
L1-1-0396,2026-09-01,U0076,/pricing
L1-1-0397,2026-09-01,U0077,/docs
L1-1-0398,2026-09-01,U0078,/products
L1-1-0399,2026-09-01,U0079,/contact
L1-1-0400,2026-09-01,U0080,/home
L1-1-0401,2026-09-01,U0081,/pricing
L1-1-0402,2026-09-01,U0082,/docs
L1-1-0403,2026-09-01,U0083,/products
L1-1-0404,2026-09-01,U0084,/contact
L1-1-0405,2026-09-01,U0085,/home
L1-1-0406,2026-09-01,U0086,/pricing
L1-1-0407,2026-09-01,U0087,/docs
L1-1-0408,2026-09-01,U0088,/products
L1-1-0409,2026-09-01,U0089,/contact
L1-1-0410,2026-09-01,U0090,/home
L1-1-0411,2026-09-01,U0091,/pricing
L1-1-0412,2026-09-01,U0092,/docs
L1-1-0413,2026-09-01,U0093,/products
L1-1-0414,2026-09-01,U0094,/contact
L1-1-0415,2026-09-01,U0095,/home
L1-1-0416,2026-09-01,U0096,/pricing
L1-1-0417,2026-09-01,U0097,/docs
L1-1-0418,2026-09-01,U0098,/products
L1-1-0419,2026-09-01,U0099,/contact
L1-1-0420,2026-09-01,U0100,/home
L1-1-0421,2026-09-01,U0101,/pricing
L1-1-0422,2026-09-01,U0102,/docs
L1-1-0423,2026-09-01,U0103,/products
L1-1-0424,2026-09-01,U0104,/contact
L1-1-0425,2026-09-01,U0105,/home
L1-1-0426,2026-09-01,U0106,/pricing
L1-1-0427,2026-09-01,U0107,/docs
L1-1-0428,2026-09-01,U0108,/products
L1-1-0429,2026-09-01,U0109,/contact
L1-1-0430,2026-09-01,U0110,/home
L1-1-0431,2026-09-01,U0111,/pricing
L1-1-0432,2026-09-01,U0112,/docs
L1-1-0433,2026-09-01,U0113,/products
L1-1-0434,2026-09-01,U0114,/contact
L1-1-0435,2026-09-01,U0115,/home
L1-1-0436,2026-09-01,U0116,/pricing
L1-1-0437,2026-09-01,U0117,/docs
L1-1-0438,2026-09-01,U0118,/products
L1-1-0439,2026-09-01,U0119,/contact
L1-1-0440,2026-09-01,U0120,/home
L1-1-0441,2026-09-01,U0121,/pricing
L1-1-0442,2026-09-01,U0122,/docs
L1-1-0443,2026-09-01,U0123,/products
L1-1-0444,2026-09-01,U0124,/contact
L1-1-0445,2026-09-01,U0125,/home
L1-1-0446,2026-09-01,U0126,/pricing
L1-1-0447,2026-09-01,U0127,/docs
L1-1-0448,2026-09-01,U0128,/products
L1-1-0449,2026-09-01,U0129,/contact
L1-1-0450,2026-09-01,U0130,/home
L1-1-0451,2026-09-01,U0131,/pricing
L1-1-0452,2026-09-01,U0132,/docs
L1-1-0453,2026-09-01,U0133,/products
L1-1-0454,2026-09-01,U0134,/contact
L1-1-0455,2026-09-01,U0135,/home
L1-1-0456,2026-09-01,U0136,/pricing
L1-1-0457,2026-09-01,U0137,/docs
L1-1-0458,2026-09-01,U0138,/products
L1-1-0459,2026-09-01,U0139,/contact
L1-1-0460,2026-09-01,U0140,/home
L1-1-0461,2026-09-01,U0141,/pricing
L1-1-0462,2026-09-01,U0142,/docs
L1-1-0463,2026-09-01,U0143,/products
L1-1-0464,2026-09-01,U0144,/contact
L1-1-0465,2026-09-01,U0145,/home
L1-1-0466,2026-09-01,U0146,/pricing
L1-1-0467,2026-09-01,U0147,/docs
L1-1-0468,2026-09-01,U0148,/products
L1-1-0469,2026-09-01,U0149,/contact
L1-1-0470,2026-09-01,U0150,/home
L1-1-0471,2026-09-01,U0151,/pricing
L1-1-0472,2026-09-01,U0152,/docs
L1-1-0473,2026-09-01,U0153,/products
L1-1-0474,2026-09-01,U0154,/contact
L1-1-0475,2026-09-01,U0155,/home
L1-1-0476,2026-09-01,U0156,/pricing
L1-1-0477,2026-09-01,U0157,/docs
L1-1-0478,2026-09-01,U0158,/products
L1-1-0479,2026-09-01,U0159,/contact
L1-1-0480,2026-09-01,U0160,/home
L1-1-0481,2026-09-01,U0161,/pricing
L1-1-0482,2026-09-01,U0162,/docs
L1-1-0483,2026-09-01,U0163,/products
L1-1-0484,2026-09-01,U0164,/contact
L1-1-0485,2026-09-01,U0165,/home
L1-1-0486,2026-09-01,U0166,/pricing
L1-1-0487,2026-09-01,U0167,/docs
L1-1-0488,2026-09-01,U0168,/products
L1-1-0489,2026-09-01,U0169,/contact
L1-1-0490,2026-09-01,U0170,/home
L1-1-0491,2026-09-01,U0171,/pricing
L1-1-0492,2026-09-01,U0172,/docs
L1-1-0493,2026-09-01,U0173,/products
L1-1-0494,2026-09-01,U0174,/contact
L1-1-0495,2026-09-01,U0175,/home
L1-1-0496,2026-09-01,U0176,/pricing
L1-1-0497,2026-09-01,U0177,/docs
L1-1-0498,2026-09-01,U0178,/products
L1-1-0499,2026-09-01,U0179,/contact
L1-1-0500,2026-09-01,U0180,/home
L1-1-0501,2026-09-01,U0181,/pricing
L1-1-0502,2026-09-01,U0182,/docs
L1-1-0503,2026-09-01,U0183,/products
L1-1-0504,2026-09-01,U0184,/contact
L1-1-0505,2026-09-01,U0185,/home
L1-1-0506,2026-09-01,U0186,/pricing
L1-1-0507,2026-09-01,U0187,/docs
L1-1-0508,2026-09-01,U0188,/products
L1-1-0509,2026-09-01,U0189,/contact
L1-1-0510,2026-09-01,U0190,/home
L1-1-0511,2026-09-01,U0191,/pricing
L1-1-0512,2026-09-01,U0192,/docs
L1-1-0513,2026-09-01,U0193,/products
L1-1-0514,2026-09-01,U0194,/contact
L1-1-0515,2026-09-01,U0195,/home
L1-1-0516,2026-09-01,U0196,/pricing
L1-1-0517,2026-09-01,U0197,/docs
L1-1-0518,2026-09-01,U0198,/products
L1-1-0519,2026-09-01,U0199,/contact
L1-1-0520,2026-09-01,U0200,/home
L1-1-0521,2026-09-01,U0201,/pricing
L1-1-0522,2026-09-01,U0202,/docs
L1-1-0523,2026-09-01,U0203,/products
L1-1-0524,2026-09-01,U0204,/contact
L1-1-0525,2026-09-01,U0205,/home
L1-1-0526,2026-09-01,U0206,/pricing
L1-1-0527,2026-09-01,U0207,/docs
L1-1-0528,2026-09-01,U0208,/products
L1-1-0529,2026-09-01,U0209,/contact
L1-1-0530,2026-09-01,U0210,/home
L1-1-0531,2026-09-01,U0211,/pricing
L1-1-0532,2026-09-01,U0212,/docs
L1-1-0533,2026-09-01,U0213,/products
L1-1-0534,2026-09-01,U0214,/contact
L1-1-0535,2026-09-01,U0215,/home
L1-1-0536,2026-09-01,U0216,/pricing
L1-1-0537,2026-09-01,U0217,/docs
L1-1-0538,2026-09-01,U0218,/products
L1-1-0539,2026-09-01,U0219,/contact
L1-1-0540,2026-09-01,U0220,/home
L1-1-0541,2026-09-01,U0221,/pricing
L1-1-0542,2026-09-01,U0222,/docs
L1-1-0543,2026-09-01,U0223,/products
L1-1-0544,2026-09-01,U0224,/contact
L1-1-0545,2026-09-01,U0225,/home
L1-1-0546,2026-09-01,U0226,/pricing
L1-1-0547,2026-09-01,U0227,/docs
L1-1-0548,2026-09-01,U0228,/products
L1-1-0549,2026-09-01,U0229,/contact
L1-1-0550,2026-09-01,U0230,/home
L1-1-0551,2026-09-01,U0231,/pricing
L1-1-0552,2026-09-01,U0232,/docs
L1-1-0553,2026-09-01,U0233,/products
L1-1-0554,2026-09-01,U0234,/contact
L1-1-0555,2026-09-01,U0235,/home
L1-1-0556,2026-09-01,U0236,/pricing
L1-1-0557,2026-09-01,U0237,/docs
L1-1-0558,2026-09-01,U0238,/products
L1-1-0559,2026-09-01,U0239,/contact
L1-1-0560,2026-09-01,U0240,/home
L1-1-0561,2026-09-01,U0241,/pricing
L1-1-0562,2026-09-01,U0242,/docs
L1-1-0563,2026-09-01,U0243,/products
L1-1-0564,2026-09-01,U0244,/contact
L1-1-0565,2026-09-01,U0245,/home
L1-1-0566,2026-09-01,U0246,/pricing
L1-1-0567,2026-09-01,U0247,/docs
L1-1-0568,2026-09-01,U0248,/products
L1-1-0569,2026-09-01,U0249,/contact
L1-1-0570,2026-09-01,U0250,/home
L1-1-0571,2026-09-01,U0251,/pricing
L1-1-0572,2026-09-01,U0252,/docs
L1-1-0573,2026-09-01,U0253,/products
L1-1-0574,2026-09-01,U0254,/contact
L1-1-0575,2026-09-01,U0255,/home
L1-1-0576,2026-09-01,U0256,/pricing
L1-1-0577,2026-09-01,U0257,/docs
L1-1-0578,2026-09-01,U0258,/products
L1-1-0579,2026-09-01,U0259,/contact
L1-1-0580,2026-09-01,U0260,/home
L1-1-0581,2026-09-01,U0261,/pricing
L1-1-0582,2026-09-01,U0262,/docs
L1-1-0583,2026-09-01,U0263,/products
L1-1-0584,2026-09-01,U0264,/contact
L1-1-0585,2026-09-01,U0265,/home
L1-1-0586,2026-09-01,U0266,/pricing
L1-1-0587,2026-09-01,U0267,/docs
L1-1-0588,2026-09-01,U0268,/products
L1-1-0589,2026-09-01,U0269,/contact
L1-1-0590,2026-09-01,U0270,/home
L1-1-0591,2026-09-01,U0271,/pricing
L1-1-0592,2026-09-01,U0272,/docs
L1-1-0593,2026-09-01,U0273,/products
L1-1-0594,2026-09-01,U0274,/contact
L1-1-0595,2026-09-01,U0275,/home
L1-1-0596,2026-09-01,U0276,/pricing
L1-1-0597,2026-09-01,U0277,/docs
L1-1-0598,2026-09-01,U0278,/products
L1-1-0599,2026-09-01,U0279,/contact
L1-1-0600,2026-09-01,U0280,/home
L1-2-0001,2026-09-02,U0001,/docs
L1-2-0002,2026-09-02,U0002,/products
L1-2-0003,2026-09-02,U0003,/contact
L1-2-0004,2026-09-02,U0004,/home
L1-2-0005,2026-09-02,U0005,/pricing
L1-2-0006,2026-09-02,U0006,/docs
L1-2-0007,2026-09-02,U0007,/products
L1-2-0008,2026-09-02,U0008,/contact
L1-2-0009,2026-09-02,U0009,/home
L1-2-0010,2026-09-02,U0010,/pricing
L1-2-0011,2026-09-02,U0011,/docs
L1-2-0012,2026-09-02,U0012,/products
L1-2-0013,2026-09-02,U0013,/contact
L1-2-0014,2026-09-02,U0014,/home
L1-2-0015,2026-09-02,U0015,/pricing
L1-2-0016,2026-09-02,U0016,/docs
L1-2-0017,2026-09-02,U0017,/products
L1-2-0018,2026-09-02,U0018,/contact
L1-2-0019,2026-09-02,U0019,/home
L1-2-0020,2026-09-02,U0020,/pricing
L1-2-0021,2026-09-02,U0021,/docs
L1-2-0022,2026-09-02,U0022,/products
L1-2-0023,2026-09-02,U0023,/contact
L1-2-0024,2026-09-02,U0024,/home
L1-2-0025,2026-09-02,U0025,/pricing
L1-2-0026,2026-09-02,U0026,/docs
L1-2-0027,2026-09-02,U0027,/products
L1-2-0028,2026-09-02,U0028,/contact
L1-2-0029,2026-09-02,U0029,/home
L1-2-0030,2026-09-02,U0030,/pricing
L1-2-0031,2026-09-02,U0031,/docs
L1-2-0032,2026-09-02,U0032,/products
L1-2-0033,2026-09-02,U0033,/contact
L1-2-0034,2026-09-02,U0034,/home
L1-2-0035,2026-09-02,U0035,/pricing
L1-2-0036,2026-09-02,U0036,/docs
L1-2-0037,2026-09-02,U0037,/products
L1-2-0038,2026-09-02,U0038,/contact
L1-2-0039,2026-09-02,U0039,/home
L1-2-0040,2026-09-02,U0040,/pricing
L1-2-0041,2026-09-02,U0041,/docs
L1-2-0042,2026-09-02,U0042,/products
L1-2-0043,2026-09-02,U0043,/contact
L1-2-0044,2026-09-02,U0044,/home
L1-2-0045,2026-09-02,U0045,/pricing
L1-2-0046,2026-09-02,U0046,/docs
L1-2-0047,2026-09-02,U0047,/products
L1-2-0048,2026-09-02,U0048,/contact
L1-2-0049,2026-09-02,U0049,/home
L1-2-0050,2026-09-02,U0050,/pricing
L1-2-0051,2026-09-02,U0051,/docs
L1-2-0052,2026-09-02,U0052,/products
L1-2-0053,2026-09-02,U0053,/contact
L1-2-0054,2026-09-02,U0054,/home
L1-2-0055,2026-09-02,U0055,/pricing
L1-2-0056,2026-09-02,U0056,/docs
L1-2-0057,2026-09-02,U0057,/products
L1-2-0058,2026-09-02,U0058,/contact
L1-2-0059,2026-09-02,U0059,/home
L1-2-0060,2026-09-02,U0060,/pricing
L1-2-0061,2026-09-02,U0061,/docs
L1-2-0062,2026-09-02,U0062,/products
L1-2-0063,2026-09-02,U0063,/contact
L1-2-0064,2026-09-02,U0064,/home
L1-2-0065,2026-09-02,U0065,/pricing
L1-2-0066,2026-09-02,U0066,/docs
L1-2-0067,2026-09-02,U0067,/products
L1-2-0068,2026-09-02,U0068,/contact
L1-2-0069,2026-09-02,U0069,/home
L1-2-0070,2026-09-02,U0070,/pricing
L1-2-0071,2026-09-02,U0071,/docs
L1-2-0072,2026-09-02,U0072,/products
L1-2-0073,2026-09-02,U0073,/contact
L1-2-0074,2026-09-02,U0074,/home
L1-2-0075,2026-09-02,U0075,/pricing
L1-2-0076,2026-09-02,U0076,/docs
L1-2-0077,2026-09-02,U0077,/products
L1-2-0078,2026-09-02,U0078,/contact
L1-2-0079,2026-09-02,U0079,/home
L1-2-0080,2026-09-02,U0080,/pricing
L1-2-0081,2026-09-02,U0081,/docs
L1-2-0082,2026-09-02,U0082,/products
L1-2-0083,2026-09-02,U0083,/contact
L1-2-0084,2026-09-02,U0084,/home
L1-2-0085,2026-09-02,U0085,/pricing
L1-2-0086,2026-09-02,U0086,/docs
L1-2-0087,2026-09-02,U0087,/products
L1-2-0088,2026-09-02,U0088,/contact
L1-2-0089,2026-09-02,U0089,/home
L1-2-0090,2026-09-02,U0090,/pricing
L1-2-0091,2026-09-02,U0091,/docs
L1-2-0092,2026-09-02,U0092,/products
L1-2-0093,2026-09-02,U0093,/contact
L1-2-0094,2026-09-02,U0094,/home
L1-2-0095,2026-09-02,U0095,/pricing
L1-2-0096,2026-09-02,U0096,/docs
L1-2-0097,2026-09-02,U0097,/products
L1-2-0098,2026-09-02,U0098,/contact
L1-2-0099,2026-09-02,U0099,/home
L1-2-0100,2026-09-02,U0100,/pricing
L1-2-0101,2026-09-02,U0101,/docs
L1-2-0102,2026-09-02,U0102,/products
L1-2-0103,2026-09-02,U0103,/contact
L1-2-0104,2026-09-02,U0104,/home
L1-2-0105,2026-09-02,U0105,/pricing
L1-2-0106,2026-09-02,U0106,/docs
L1-2-0107,2026-09-02,U0107,/products
L1-2-0108,2026-09-02,U0108,/contact
L1-2-0109,2026-09-02,U0109,/home
L1-2-0110,2026-09-02,U0110,/pricing
L1-2-0111,2026-09-02,U0111,/docs
L1-2-0112,2026-09-02,U0112,/products
L1-2-0113,2026-09-02,U0113,/contact
L1-2-0114,2026-09-02,U0114,/home
L1-2-0115,2026-09-02,U0115,/pricing
L1-2-0116,2026-09-02,U0116,/docs
L1-2-0117,2026-09-02,U0117,/products
L1-2-0118,2026-09-02,U0118,/contact
L1-2-0119,2026-09-02,U0119,/home
L1-2-0120,2026-09-02,U0120,/pricing
L1-2-0121,2026-09-02,U0121,/docs
L1-2-0122,2026-09-02,U0122,/products
L1-2-0123,2026-09-02,U0123,/contact
L1-2-0124,2026-09-02,U0124,/home
L1-2-0125,2026-09-02,U0125,/pricing
L1-2-0126,2026-09-02,U0126,/docs
L1-2-0127,2026-09-02,U0127,/products
L1-2-0128,2026-09-02,U0128,/contact
L1-2-0129,2026-09-02,U0129,/home
L1-2-0130,2026-09-02,U0130,/pricing
L1-2-0131,2026-09-02,U0131,/docs
L1-2-0132,2026-09-02,U0132,/products
L1-2-0133,2026-09-02,U0133,/contact
L1-2-0134,2026-09-02,U0134,/home
L1-2-0135,2026-09-02,U0135,/pricing
L1-2-0136,2026-09-02,U0136,/docs
L1-2-0137,2026-09-02,U0137,/products
L1-2-0138,2026-09-02,U0138,/contact
L1-2-0139,2026-09-02,U0139,/home
L1-2-0140,2026-09-02,U0140,/pricing
L1-2-0141,2026-09-02,U0141,/docs
L1-2-0142,2026-09-02,U0142,/products
L1-2-0143,2026-09-02,U0143,/contact
L1-2-0144,2026-09-02,U0144,/home
L1-2-0145,2026-09-02,U0145,/pricing
L1-2-0146,2026-09-02,U0146,/docs
L1-2-0147,2026-09-02,U0147,/products
L1-2-0148,2026-09-02,U0148,/contact
L1-2-0149,2026-09-02,U0149,/home
L1-2-0150,2026-09-02,U0150,/pricing
L1-2-0151,2026-09-02,U0151,/docs
L1-2-0152,2026-09-02,U0152,/products
L1-2-0153,2026-09-02,U0153,/contact
L1-2-0154,2026-09-02,U0154,/home
L1-2-0155,2026-09-02,U0155,/pricing
L1-2-0156,2026-09-02,U0156,/docs
L1-2-0157,2026-09-02,U0157,/products
L1-2-0158,2026-09-02,U0158,/contact
L1-2-0159,2026-09-02,U0159,/home
L1-2-0160,2026-09-02,U0160,/pricing
L1-2-0161,2026-09-02,U0161,/docs
L1-2-0162,2026-09-02,U0162,/products
L1-2-0163,2026-09-02,U0163,/contact
L1-2-0164,2026-09-02,U0164,/home
L1-2-0165,2026-09-02,U0165,/pricing
L1-2-0166,2026-09-02,U0166,/docs
L1-2-0167,2026-09-02,U0167,/products
L1-2-0168,2026-09-02,U0168,/contact
L1-2-0169,2026-09-02,U0169,/home
L1-2-0170,2026-09-02,U0170,/pricing
L1-2-0171,2026-09-02,U0171,/docs
L1-2-0172,2026-09-02,U0172,/products
L1-2-0173,2026-09-02,U0173,/contact
L1-2-0174,2026-09-02,U0174,/home
L1-2-0175,2026-09-02,U0175,/pricing
L1-2-0176,2026-09-02,U0176,/docs
L1-2-0177,2026-09-02,U0177,/products
L1-2-0178,2026-09-02,U0178,/contact
L1-2-0179,2026-09-02,U0179,/home
L1-2-0180,2026-09-02,U0180,/pricing
L1-2-0181,2026-09-02,U0181,/docs
L1-2-0182,2026-09-02,U0182,/products
L1-2-0183,2026-09-02,U0183,/contact
L1-2-0184,2026-09-02,U0184,/home
L1-2-0185,2026-09-02,U0185,/pricing
L1-2-0186,2026-09-02,U0186,/docs
L1-2-0187,2026-09-02,U0187,/products
L1-2-0188,2026-09-02,U0188,/contact
L1-2-0189,2026-09-02,U0189,/home
L1-2-0190,2026-09-02,U0190,/pricing
L1-2-0191,2026-09-02,U0191,/docs
L1-2-0192,2026-09-02,U0192,/products
L1-2-0193,2026-09-02,U0193,/contact
L1-2-0194,2026-09-02,U0194,/home
L1-2-0195,2026-09-02,U0195,/pricing
L1-2-0196,2026-09-02,U0196,/docs
L1-2-0197,2026-09-02,U0197,/products
L1-2-0198,2026-09-02,U0198,/contact
L1-2-0199,2026-09-02,U0199,/home
L1-2-0200,2026-09-02,U0200,/pricing
L1-2-0201,2026-09-02,U0201,/docs
L1-2-0202,2026-09-02,U0202,/products
L1-2-0203,2026-09-02,U0203,/contact
L1-2-0204,2026-09-02,U0204,/home
L1-2-0205,2026-09-02,U0205,/pricing
L1-2-0206,2026-09-02,U0206,/docs
L1-2-0207,2026-09-02,U0207,/products
L1-2-0208,2026-09-02,U0208,/contact
L1-2-0209,2026-09-02,U0209,/home
L1-2-0210,2026-09-02,U0210,/pricing
L1-2-0211,2026-09-02,U0211,/docs
L1-2-0212,2026-09-02,U0212,/products
L1-2-0213,2026-09-02,U0213,/contact
L1-2-0214,2026-09-02,U0214,/home
L1-2-0215,2026-09-02,U0215,/pricing
L1-2-0216,2026-09-02,U0216,/docs
L1-2-0217,2026-09-02,U0217,/products
L1-2-0218,2026-09-02,U0218,/contact
L1-2-0219,2026-09-02,U0219,/home
L1-2-0220,2026-09-02,U0220,/pricing
L1-2-0221,2026-09-02,U0221,/docs
L1-2-0222,2026-09-02,U0222,/products
L1-2-0223,2026-09-02,U0223,/contact
L1-2-0224,2026-09-02,U0224,/home
L1-2-0225,2026-09-02,U0225,/pricing
L1-2-0226,2026-09-02,U0226,/docs
L1-2-0227,2026-09-02,U0227,/products
L1-2-0228,2026-09-02,U0228,/contact
L1-2-0229,2026-09-02,U0229,/home
L1-2-0230,2026-09-02,U0230,/pricing
L1-2-0231,2026-09-02,U0231,/docs
L1-2-0232,2026-09-02,U0232,/products
L1-2-0233,2026-09-02,U0233,/contact
L1-2-0234,2026-09-02,U0234,/home
L1-2-0235,2026-09-02,U0235,/pricing
L1-2-0236,2026-09-02,U0236,/docs
L1-2-0237,2026-09-02,U0237,/products
L1-2-0238,2026-09-02,U0238,/contact
L1-2-0239,2026-09-02,U0239,/home
L1-2-0240,2026-09-02,U0240,/pricing
L1-2-0241,2026-09-02,U0241,/docs
L1-2-0242,2026-09-02,U0242,/products
L1-2-0243,2026-09-02,U0243,/contact
L1-2-0244,2026-09-02,U0244,/home
L1-2-0245,2026-09-02,U0245,/pricing
L1-2-0246,2026-09-02,U0246,/docs
L1-2-0247,2026-09-02,U0247,/products
L1-2-0248,2026-09-02,U0248,/contact
L1-2-0249,2026-09-02,U0249,/home
L1-2-0250,2026-09-02,U0250,/pricing
L1-2-0251,2026-09-02,U0251,/docs
L1-2-0252,2026-09-02,U0252,/products
L1-2-0253,2026-09-02,U0253,/contact
L1-2-0254,2026-09-02,U0254,/home
L1-2-0255,2026-09-02,U0255,/pricing
L1-2-0256,2026-09-02,U0256,/docs
L1-2-0257,2026-09-02,U0257,/products
L1-2-0258,2026-09-02,U0258,/contact
L1-2-0259,2026-09-02,U0259,/home
L1-2-0260,2026-09-02,U0260,/pricing
L1-2-0261,2026-09-02,U0261,/docs
L1-2-0262,2026-09-02,U0262,/products
L1-2-0263,2026-09-02,U0263,/contact
L1-2-0264,2026-09-02,U0264,/home
L1-2-0265,2026-09-02,U0265,/pricing
L1-2-0266,2026-09-02,U0266,/docs
L1-2-0267,2026-09-02,U0267,/products
L1-2-0268,2026-09-02,U0268,/contact
L1-2-0269,2026-09-02,U0269,/home
L1-2-0270,2026-09-02,U0270,/pricing
L1-2-0271,2026-09-02,U0271,/docs
L1-2-0272,2026-09-02,U0272,/products
L1-2-0273,2026-09-02,U0273,/contact
L1-2-0274,2026-09-02,U0274,/home
L1-2-0275,2026-09-02,U0275,/pricing
L1-2-0276,2026-09-02,U0276,/docs
L1-2-0277,2026-09-02,U0277,/products
L1-2-0278,2026-09-02,U0278,/contact
L1-2-0279,2026-09-02,U0279,/home
L1-2-0280,2026-09-02,U0280,/pricing
L1-2-0281,2026-09-02,U0281,/docs
L1-2-0282,2026-09-02,U0282,/products
L1-2-0283,2026-09-02,U0283,/contact
L1-2-0284,2026-09-02,U0284,/home
L1-2-0285,2026-09-02,U0285,/pricing
L1-2-0286,2026-09-02,U0286,/docs
L1-2-0287,2026-09-02,U0287,/products
L1-2-0288,2026-09-02,U0288,/contact
L1-2-0289,2026-09-02,U0289,/home
L1-2-0290,2026-09-02,U0290,/pricing
L1-2-0291,2026-09-02,U0291,/docs
L1-2-0292,2026-09-02,U0292,/products
L1-2-0293,2026-09-02,U0293,/contact
L1-2-0294,2026-09-02,U0294,/home
L1-2-0295,2026-09-02,U0295,/pricing
L1-2-0296,2026-09-02,U0296,/docs
L1-2-0297,2026-09-02,U0297,/products
L1-2-0298,2026-09-02,U0298,/contact
L1-2-0299,2026-09-02,U0299,/home
L1-2-0300,2026-09-02,U0300,/pricing
L1-2-0301,2026-09-02,U0301,/docs
L1-2-0302,2026-09-02,U0302,/products
L1-2-0303,2026-09-02,U0303,/contact
L1-2-0304,2026-09-02,U0304,/home
L1-2-0305,2026-09-02,U0305,/pricing
L1-2-0306,2026-09-02,U0306,/docs
L1-2-0307,2026-09-02,U0307,/products
L1-2-0308,2026-09-02,U0308,/contact
L1-2-0309,2026-09-02,U0309,/home
L1-2-0310,2026-09-02,U0310,/pricing
L1-2-0311,2026-09-02,U0311,/docs
L1-2-0312,2026-09-02,U0312,/products
L1-2-0313,2026-09-02,U0313,/contact
L1-2-0314,2026-09-02,U0314,/home
L1-2-0315,2026-09-02,U0315,/pricing
L1-2-0316,2026-09-02,U0316,/docs
L1-2-0317,2026-09-02,U0317,/products
L1-2-0318,2026-09-02,U0318,/contact
L1-2-0319,2026-09-02,U0319,/home
L1-2-0320,2026-09-02,U0320,/pricing
L1-2-0321,2026-09-02,U0321,/docs
L1-2-0322,2026-09-02,U0322,/products
L1-2-0323,2026-09-02,U0323,/contact
L1-2-0324,2026-09-02,U0324,/home
L1-2-0325,2026-09-02,U0325,/pricing
L1-2-0326,2026-09-02,U0326,/docs
L1-2-0327,2026-09-02,U0327,/products
L1-2-0328,2026-09-02,U0328,/contact
L1-2-0329,2026-09-02,U0329,/home
L1-2-0330,2026-09-02,U0330,/pricing
L1-2-0331,2026-09-02,U0331,/docs
L1-2-0332,2026-09-02,U0332,/products
L1-2-0333,2026-09-02,U0333,/contact
L1-2-0334,2026-09-02,U0334,/home
L1-2-0335,2026-09-02,U0335,/pricing
L1-2-0336,2026-09-02,U0336,/docs
L1-2-0337,2026-09-02,U0337,/products
L1-2-0338,2026-09-02,U0338,/contact
L1-2-0339,2026-09-02,U0339,/home
L1-2-0340,2026-09-02,U0340,/pricing
L1-2-0341,2026-09-02,U0341,/docs
L1-2-0342,2026-09-02,U0342,/products
L1-2-0343,2026-09-02,U0343,/contact
L1-2-0344,2026-09-02,U0344,/home
L1-2-0345,2026-09-02,U0345,/pricing
L1-2-0346,2026-09-02,U0346,/docs
L1-2-0347,2026-09-02,U0347,/products
L1-2-0348,2026-09-02,U0348,/contact
L1-2-0349,2026-09-02,U0349,/home
L1-2-0350,2026-09-02,U0350,/pricing
L1-2-0351,2026-09-02,U0351,/docs
L1-2-0352,2026-09-02,U0352,/products
L1-2-0353,2026-09-02,U0353,/contact
L1-2-0354,2026-09-02,U0354,/home
L1-2-0355,2026-09-02,U0355,/pricing
L1-2-0356,2026-09-02,U0356,/docs
L1-2-0357,2026-09-02,U0357,/products
L1-2-0358,2026-09-02,U0358,/contact
L1-2-0359,2026-09-02,U0359,/home
L1-2-0360,2026-09-02,U0360,/pricing
L1-2-0361,2026-09-02,U0361,/docs
L1-2-0362,2026-09-02,U0362,/products
L1-2-0363,2026-09-02,U0363,/contact
L1-2-0364,2026-09-02,U0364,/home
L1-2-0365,2026-09-02,U0365,/pricing
L1-2-0366,2026-09-02,U0366,/docs
L1-2-0367,2026-09-02,U0367,/products
L1-2-0368,2026-09-02,U0368,/contact
L1-2-0369,2026-09-02,U0369,/home
L1-2-0370,2026-09-02,U0370,/pricing
L1-2-0371,2026-09-02,U0371,/docs
L1-2-0372,2026-09-02,U0372,/products
L1-2-0373,2026-09-02,U0373,/contact
L1-2-0374,2026-09-02,U0374,/home
L1-2-0375,2026-09-02,U0375,/pricing
L1-2-0376,2026-09-02,U0376,/docs
L1-2-0377,2026-09-02,U0377,/products
L1-2-0378,2026-09-02,U0378,/contact
L1-2-0379,2026-09-02,U0379,/home
L1-2-0380,2026-09-02,U0380,/pricing
L1-2-0381,2026-09-02,U0381,/docs
L1-2-0382,2026-09-02,U0382,/products
L1-2-0383,2026-09-02,U0383,/contact
L1-2-0384,2026-09-02,U0384,/home
L1-2-0385,2026-09-02,U0385,/pricing
L1-2-0386,2026-09-02,U0386,/docs
L1-2-0387,2026-09-02,U0387,/products
L1-2-0388,2026-09-02,U0388,/contact
L1-2-0389,2026-09-02,U0389,/home
L1-2-0390,2026-09-02,U0390,/pricing
L1-2-0391,2026-09-02,U0391,/docs
L1-2-0392,2026-09-02,U0392,/products
L1-2-0393,2026-09-02,U0393,/contact
L1-2-0394,2026-09-02,U0394,/home
L1-2-0395,2026-09-02,U0395,/pricing
L1-2-0396,2026-09-02,U0396,/docs
L1-2-0397,2026-09-02,U0397,/products
L1-2-0398,2026-09-02,U0398,/contact
L1-2-0399,2026-09-02,U0399,/home
L1-2-0400,2026-09-02,U0400,/pricing
L1-2-0401,2026-09-02,U0401,/docs
L1-2-0402,2026-09-02,U0402,/products
L1-2-0403,2026-09-02,U0403,/contact
L1-2-0404,2026-09-02,U0404,/home
L1-2-0405,2026-09-02,U0405,/pricing
L1-2-0406,2026-09-02,U0406,/docs
L1-2-0407,2026-09-02,U0407,/products
L1-2-0408,2026-09-02,U0408,/contact
L1-2-0409,2026-09-02,U0409,/home
L1-2-0410,2026-09-02,U0410,/pricing
L1-2-0411,2026-09-02,U0411,/docs
L1-2-0412,2026-09-02,U0412,/products
L1-2-0413,2026-09-02,U0413,/contact
L1-2-0414,2026-09-02,U0414,/home
L1-2-0415,2026-09-02,U0415,/pricing
L1-2-0416,2026-09-02,U0416,/docs
L1-2-0417,2026-09-02,U0417,/products
L1-2-0418,2026-09-02,U0418,/contact
L1-2-0419,2026-09-02,U0419,/home
L1-2-0420,2026-09-02,U0420,/pricing
L1-2-0421,2026-09-02,U0421,/docs
L1-2-0422,2026-09-02,U0422,/products
L1-2-0423,2026-09-02,U0423,/contact
L1-2-0424,2026-09-02,U0424,/home
L1-2-0425,2026-09-02,U0425,/pricing
L1-2-0426,2026-09-02,U0426,/docs
L1-2-0427,2026-09-02,U0427,/products
L1-2-0428,2026-09-02,U0428,/contact
L1-2-0429,2026-09-02,U0429,/home
L1-2-0430,2026-09-02,U0430,/pricing
L1-2-0431,2026-09-02,U0431,/docs
L1-2-0432,2026-09-02,U0432,/products
L1-2-0433,2026-09-02,U0433,/contact
L1-2-0434,2026-09-02,U0434,/home
L1-2-0435,2026-09-02,U0435,/pricing
L1-2-0436,2026-09-02,U0436,/docs
L1-2-0437,2026-09-02,U0437,/products
L1-2-0438,2026-09-02,U0438,/contact
L1-2-0439,2026-09-02,U0439,/home
L1-2-0440,2026-09-02,U0440,/pricing
L1-2-0441,2026-09-02,U0441,/docs
L1-2-0442,2026-09-02,U0442,/products
L1-2-0443,2026-09-02,U0443,/contact
L1-2-0444,2026-09-02,U0444,/home
L1-2-0445,2026-09-02,U0445,/pricing
L1-2-0446,2026-09-02,U0446,/docs
L1-2-0447,2026-09-02,U0447,/products
L1-2-0448,2026-09-02,U0448,/contact
L1-2-0449,2026-09-02,U0449,/home
L1-2-0450,2026-09-02,U0450,/pricing
L1-2-0451,2026-09-02,U0451,/docs
L1-2-0452,2026-09-02,U0452,/products
L1-2-0453,2026-09-02,U0453,/contact
L1-2-0454,2026-09-02,U0454,/home
L1-2-0455,2026-09-02,U0455,/pricing
L1-2-0456,2026-09-02,U0456,/docs
L1-2-0457,2026-09-02,U0457,/products
L1-2-0458,2026-09-02,U0458,/contact
L1-2-0459,2026-09-02,U0459,/home
L1-2-0460,2026-09-02,U0460,/pricing
L1-2-0461,2026-09-02,U0461,/docs
L1-2-0462,2026-09-02,U0462,/products
L1-2-0463,2026-09-02,U0463,/contact
L1-2-0464,2026-09-02,U0464,/home
L1-2-0465,2026-09-02,U0465,/pricing
L1-2-0466,2026-09-02,U0466,/docs
L1-2-0467,2026-09-02,U0467,/products
L1-2-0468,2026-09-02,U0468,/contact
L1-2-0469,2026-09-02,U0469,/home
L1-2-0470,2026-09-02,U0470,/pricing
L1-2-0471,2026-09-02,U0001,/docs
L1-2-0472,2026-09-02,U0002,/products
L1-2-0473,2026-09-02,U0003,/contact
L1-2-0474,2026-09-02,U0004,/home
L1-2-0475,2026-09-02,U0005,/pricing
L1-2-0476,2026-09-02,U0006,/docs
L1-2-0477,2026-09-02,U0007,/products
L1-2-0478,2026-09-02,U0008,/contact
L1-2-0479,2026-09-02,U0009,/home
L1-2-0480,2026-09-02,U0010,/pricing
L1-2-0481,2026-09-02,U0011,/docs
L1-2-0482,2026-09-02,U0012,/products
L1-2-0483,2026-09-02,U0013,/contact
L1-2-0484,2026-09-02,U0014,/home
L1-2-0485,2026-09-02,U0015,/pricing
L1-2-0486,2026-09-02,U0016,/docs
L1-2-0487,2026-09-02,U0017,/products
L1-2-0488,2026-09-02,U0018,/contact
L1-2-0489,2026-09-02,U0019,/home
L1-2-0490,2026-09-02,U0020,/pricing
L1-2-0491,2026-09-02,U0021,/docs
L1-2-0492,2026-09-02,U0022,/products
L1-2-0493,2026-09-02,U0023,/contact
L1-2-0494,2026-09-02,U0024,/home
L1-2-0495,2026-09-02,U0025,/pricing
L1-2-0496,2026-09-02,U0026,/docs
L1-2-0497,2026-09-02,U0027,/products
L1-2-0498,2026-09-02,U0028,/contact
L1-2-0499,2026-09-02,U0029,/home
L1-2-0500,2026-09-02,U0030,/pricing
L1-2-0501,2026-09-02,U0031,/docs
L1-2-0502,2026-09-02,U0032,/products
L1-2-0503,2026-09-02,U0033,/contact
L1-2-0504,2026-09-02,U0034,/home
L1-2-0505,2026-09-02,U0035,/pricing
L1-2-0506,2026-09-02,U0036,/docs
L1-2-0507,2026-09-02,U0037,/products
L1-2-0508,2026-09-02,U0038,/contact
L1-2-0509,2026-09-02,U0039,/home
L1-2-0510,2026-09-02,U0040,/pricing
L1-2-0511,2026-09-02,U0041,/docs
L1-2-0512,2026-09-02,U0042,/products
L1-2-0513,2026-09-02,U0043,/contact
L1-2-0514,2026-09-02,U0044,/home
L1-2-0515,2026-09-02,U0045,/pricing
L1-2-0516,2026-09-02,U0046,/docs
L1-2-0517,2026-09-02,U0047,/products
L1-2-0518,2026-09-02,U0048,/contact
L1-2-0519,2026-09-02,U0049,/home
L1-2-0520,2026-09-02,U0050,/pricing
L1-2-0521,2026-09-02,U0051,/docs
L1-2-0522,2026-09-02,U0052,/products
L1-2-0523,2026-09-02,U0053,/contact
L1-2-0524,2026-09-02,U0054,/home
L1-2-0525,2026-09-02,U0055,/pricing
L1-2-0526,2026-09-02,U0056,/docs
L1-2-0527,2026-09-02,U0057,/products
L1-2-0528,2026-09-02,U0058,/contact
L1-2-0529,2026-09-02,U0059,/home
L1-2-0530,2026-09-02,U0060,/pricing
L1-2-0531,2026-09-02,U0061,/docs
L1-2-0532,2026-09-02,U0062,/products
L1-2-0533,2026-09-02,U0063,/contact
L1-2-0534,2026-09-02,U0064,/home
L1-2-0535,2026-09-02,U0065,/pricing
L1-2-0536,2026-09-02,U0066,/docs
L1-2-0537,2026-09-02,U0067,/products
L1-2-0538,2026-09-02,U0068,/contact
L1-2-0539,2026-09-02,U0069,/home
L1-2-0540,2026-09-02,U0070,/pricing
L1-2-0541,2026-09-02,U0071,/docs
L1-2-0542,2026-09-02,U0072,/products
L1-2-0543,2026-09-02,U0073,/contact
L1-2-0544,2026-09-02,U0074,/home
L1-2-0545,2026-09-02,U0075,/pricing
L1-2-0546,2026-09-02,U0076,/docs
L1-2-0547,2026-09-02,U0077,/products
L1-2-0548,2026-09-02,U0078,/contact
L1-2-0549,2026-09-02,U0079,/home
L1-2-0550,2026-09-02,U0080,/pricing
L1-2-0551,2026-09-02,U0081,/docs
L1-2-0552,2026-09-02,U0082,/products
L1-2-0553,2026-09-02,U0083,/contact
L1-2-0554,2026-09-02,U0084,/home
L1-2-0555,2026-09-02,U0085,/pricing
L1-2-0556,2026-09-02,U0086,/docs
L1-2-0557,2026-09-02,U0087,/products
L1-2-0558,2026-09-02,U0088,/contact
L1-2-0559,2026-09-02,U0089,/home
L1-2-0560,2026-09-02,U0090,/pricing
L1-2-0561,2026-09-02,U0091,/docs
L1-2-0562,2026-09-02,U0092,/products
L1-2-0563,2026-09-02,U0093,/contact
L1-2-0564,2026-09-02,U0094,/home
L1-2-0565,2026-09-02,U0095,/pricing
L1-2-0566,2026-09-02,U0096,/docs
L1-2-0567,2026-09-02,U0097,/products
L1-2-0568,2026-09-02,U0098,/contact
L1-2-0569,2026-09-02,U0099,/home
L1-2-0570,2026-09-02,U0100,/pricing
L1-2-0571,2026-09-02,U0101,/docs
L1-2-0572,2026-09-02,U0102,/products
L1-2-0573,2026-09-02,U0103,/contact
L1-2-0574,2026-09-02,U0104,/home
L1-2-0575,2026-09-02,U0105,/pricing
L1-2-0576,2026-09-02,U0106,/docs
L1-2-0577,2026-09-02,U0107,/products
L1-2-0578,2026-09-02,U0108,/contact
L1-2-0579,2026-09-02,U0109,/home
L1-2-0580,2026-09-02,U0110,/pricing
L1-2-0581,2026-09-02,U0111,/docs
L1-2-0582,2026-09-02,U0112,/products
L1-2-0583,2026-09-02,U0113,/contact
L1-2-0584,2026-09-02,U0114,/home
L1-2-0585,2026-09-02,U0115,/pricing
L1-2-0586,2026-09-02,U0116,/docs
L1-2-0587,2026-09-02,U0117,/products
L1-2-0588,2026-09-02,U0118,/contact
L1-2-0589,2026-09-02,U0119,/home
L1-2-0590,2026-09-02,U0120,/pricing
L1-2-0591,2026-09-02,U0121,/docs
L1-2-0592,2026-09-02,U0122,/products
L1-2-0593,2026-09-02,U0123,/contact
L1-2-0594,2026-09-02,U0124,/home
L1-2-0595,2026-09-02,U0125,/pricing
L1-2-0596,2026-09-02,U0126,/docs
L1-2-0597,2026-09-02,U0127,/products
L1-2-0598,2026-09-02,U0128,/contact
L1-2-0599,2026-09-02,U0129,/home
L1-2-0600,2026-09-02,U0130,/pricing
L1-3-0001,2026-09-03,U0001,/products
L1-3-0002,2026-09-03,U0002,/contact
L1-3-0003,2026-09-03,U0003,/home
L1-3-0004,2026-09-03,U0004,/pricing
L1-3-0005,2026-09-03,U0005,/docs
L1-3-0006,2026-09-03,U0006,/products
L1-3-0007,2026-09-03,U0007,/contact
L1-3-0008,2026-09-03,U0008,/home
L1-3-0009,2026-09-03,U0009,/pricing
L1-3-0010,2026-09-03,U0010,/docs
L1-3-0011,2026-09-03,U0011,/products
L1-3-0012,2026-09-03,U0012,/contact
L1-3-0013,2026-09-03,U0013,/home
L1-3-0014,2026-09-03,U0014,/pricing
L1-3-0015,2026-09-03,U0015,/docs
L1-3-0016,2026-09-03,U0016,/products
L1-3-0017,2026-09-03,U0017,/contact
L1-3-0018,2026-09-03,U0018,/home
L1-3-0019,2026-09-03,U0019,/pricing
L1-3-0020,2026-09-03,U0020,/docs
L1-3-0021,2026-09-03,U0021,/products
L1-3-0022,2026-09-03,U0022,/contact
L1-3-0023,2026-09-03,U0023,/home
L1-3-0024,2026-09-03,U0024,/pricing
L1-3-0025,2026-09-03,U0025,/docs
L1-3-0026,2026-09-03,U0026,/products
L1-3-0027,2026-09-03,U0027,/contact
L1-3-0028,2026-09-03,U0028,/home
L1-3-0029,2026-09-03,U0029,/pricing
L1-3-0030,2026-09-03,U0030,/docs
L1-3-0031,2026-09-03,U0031,/products
L1-3-0032,2026-09-03,U0032,/contact
L1-3-0033,2026-09-03,U0033,/home
L1-3-0034,2026-09-03,U0034,/pricing
L1-3-0035,2026-09-03,U0035,/docs
L1-3-0036,2026-09-03,U0036,/products
L1-3-0037,2026-09-03,U0037,/contact
L1-3-0038,2026-09-03,U0038,/home
L1-3-0039,2026-09-03,U0039,/pricing
L1-3-0040,2026-09-03,U0040,/docs
L1-3-0041,2026-09-03,U0041,/products
L1-3-0042,2026-09-03,U0042,/contact
L1-3-0043,2026-09-03,U0043,/home
L1-3-0044,2026-09-03,U0044,/pricing
L1-3-0045,2026-09-03,U0045,/docs
L1-3-0046,2026-09-03,U0046,/products
L1-3-0047,2026-09-03,U0047,/contact
L1-3-0048,2026-09-03,U0048,/home
L1-3-0049,2026-09-03,U0049,/pricing
L1-3-0050,2026-09-03,U0050,/docs
L1-3-0051,2026-09-03,U0051,/products
L1-3-0052,2026-09-03,U0052,/contact
L1-3-0053,2026-09-03,U0053,/home
L1-3-0054,2026-09-03,U0054,/pricing
L1-3-0055,2026-09-03,U0055,/docs
L1-3-0056,2026-09-03,U0056,/products
L1-3-0057,2026-09-03,U0057,/contact
L1-3-0058,2026-09-03,U0058,/home
L1-3-0059,2026-09-03,U0059,/pricing
L1-3-0060,2026-09-03,U0060,/docs
L1-3-0061,2026-09-03,U0061,/products
L1-3-0062,2026-09-03,U0062,/contact
L1-3-0063,2026-09-03,U0063,/home
L1-3-0064,2026-09-03,U0064,/pricing
L1-3-0065,2026-09-03,U0065,/docs
L1-3-0066,2026-09-03,U0066,/products
L1-3-0067,2026-09-03,U0067,/contact
L1-3-0068,2026-09-03,U0068,/home
L1-3-0069,2026-09-03,U0069,/pricing
L1-3-0070,2026-09-03,U0070,/docs
L1-3-0071,2026-09-03,U0071,/products
L1-3-0072,2026-09-03,U0072,/contact
L1-3-0073,2026-09-03,U0073,/home
L1-3-0074,2026-09-03,U0074,/pricing
L1-3-0075,2026-09-03,U0075,/docs
L1-3-0076,2026-09-03,U0076,/products
L1-3-0077,2026-09-03,U0077,/contact
L1-3-0078,2026-09-03,U0078,/home
L1-3-0079,2026-09-03,U0079,/pricing
L1-3-0080,2026-09-03,U0080,/docs
L1-3-0081,2026-09-03,U0081,/products
L1-3-0082,2026-09-03,U0082,/contact
L1-3-0083,2026-09-03,U0083,/home
L1-3-0084,2026-09-03,U0084,/pricing
L1-3-0085,2026-09-03,U0085,/docs
L1-3-0086,2026-09-03,U0086,/products
L1-3-0087,2026-09-03,U0087,/contact
L1-3-0088,2026-09-03,U0088,/home
L1-3-0089,2026-09-03,U0089,/pricing
L1-3-0090,2026-09-03,U0090,/docs
L1-3-0091,2026-09-03,U0091,/products
L1-3-0092,2026-09-03,U0092,/contact
L1-3-0093,2026-09-03,U0093,/home
L1-3-0094,2026-09-03,U0094,/pricing
L1-3-0095,2026-09-03,U0095,/docs
L1-3-0096,2026-09-03,U0096,/products
L1-3-0097,2026-09-03,U0097,/contact
L1-3-0098,2026-09-03,U0098,/home
L1-3-0099,2026-09-03,U0099,/pricing
L1-3-0100,2026-09-03,U0100,/docs
L1-3-0101,2026-09-03,U0101,/products
L1-3-0102,2026-09-03,U0102,/contact
L1-3-0103,2026-09-03,U0103,/home
L1-3-0104,2026-09-03,U0104,/pricing
L1-3-0105,2026-09-03,U0105,/docs
L1-3-0106,2026-09-03,U0106,/products
L1-3-0107,2026-09-03,U0107,/contact
L1-3-0108,2026-09-03,U0108,/home
L1-3-0109,2026-09-03,U0109,/pricing
L1-3-0110,2026-09-03,U0110,/docs
L1-3-0111,2026-09-03,U0111,/products
L1-3-0112,2026-09-03,U0112,/contact
L1-3-0113,2026-09-03,U0113,/home
L1-3-0114,2026-09-03,U0114,/pricing
L1-3-0115,2026-09-03,U0115,/docs
L1-3-0116,2026-09-03,U0116,/products
L1-3-0117,2026-09-03,U0117,/contact
L1-3-0118,2026-09-03,U0118,/home
L1-3-0119,2026-09-03,U0119,/pricing
L1-3-0120,2026-09-03,U0120,/docs
L1-3-0121,2026-09-03,U0121,/products
L1-3-0122,2026-09-03,U0122,/contact
L1-3-0123,2026-09-03,U0123,/home
L1-3-0124,2026-09-03,U0124,/pricing
L1-3-0125,2026-09-03,U0125,/docs
L1-3-0126,2026-09-03,U0126,/products
L1-3-0127,2026-09-03,U0127,/contact
L1-3-0128,2026-09-03,U0128,/home
L1-3-0129,2026-09-03,U0129,/pricing
L1-3-0130,2026-09-03,U0130,/docs
L1-3-0131,2026-09-03,U0131,/products
L1-3-0132,2026-09-03,U0132,/contact
L1-3-0133,2026-09-03,U0133,/home
L1-3-0134,2026-09-03,U0134,/pricing
L1-3-0135,2026-09-03,U0135,/docs
L1-3-0136,2026-09-03,U0136,/products
L1-3-0137,2026-09-03,U0137,/contact
L1-3-0138,2026-09-03,U0138,/home
L1-3-0139,2026-09-03,U0139,/pricing
L1-3-0140,2026-09-03,U0140,/docs
L1-3-0141,2026-09-03,U0141,/products
L1-3-0142,2026-09-03,U0142,/contact
L1-3-0143,2026-09-03,U0143,/home
L1-3-0144,2026-09-03,U0144,/pricing
L1-3-0145,2026-09-03,U0145,/docs
L1-3-0146,2026-09-03,U0146,/products
L1-3-0147,2026-09-03,U0147,/contact
L1-3-0148,2026-09-03,U0148,/home
L1-3-0149,2026-09-03,U0149,/pricing
L1-3-0150,2026-09-03,U0150,/docs
L1-3-0151,2026-09-03,U0151,/products
L1-3-0152,2026-09-03,U0152,/contact
L1-3-0153,2026-09-03,U0153,/home
L1-3-0154,2026-09-03,U0154,/pricing
L1-3-0155,2026-09-03,U0155,/docs
L1-3-0156,2026-09-03,U0156,/products
L1-3-0157,2026-09-03,U0157,/contact
L1-3-0158,2026-09-03,U0158,/home
L1-3-0159,2026-09-03,U0159,/pricing
L1-3-0160,2026-09-03,U0160,/docs
L1-3-0161,2026-09-03,U0161,/products
L1-3-0162,2026-09-03,U0162,/contact
L1-3-0163,2026-09-03,U0163,/home
L1-3-0164,2026-09-03,U0164,/pricing
L1-3-0165,2026-09-03,U0165,/docs
L1-3-0166,2026-09-03,U0166,/products
L1-3-0167,2026-09-03,U0167,/contact
L1-3-0168,2026-09-03,U0168,/home
L1-3-0169,2026-09-03,U0169,/pricing
L1-3-0170,2026-09-03,U0170,/docs
L1-3-0171,2026-09-03,U0171,/products
L1-3-0172,2026-09-03,U0172,/contact
L1-3-0173,2026-09-03,U0173,/home
L1-3-0174,2026-09-03,U0174,/pricing
L1-3-0175,2026-09-03,U0175,/docs
L1-3-0176,2026-09-03,U0176,/products
L1-3-0177,2026-09-03,U0177,/contact
L1-3-0178,2026-09-03,U0178,/home
L1-3-0179,2026-09-03,U0179,/pricing
L1-3-0180,2026-09-03,U0180,/docs
L1-3-0181,2026-09-03,U0181,/products
L1-3-0182,2026-09-03,U0182,/contact
L1-3-0183,2026-09-03,U0183,/home
L1-3-0184,2026-09-03,U0184,/pricing
L1-3-0185,2026-09-03,U0185,/docs
L1-3-0186,2026-09-03,U0186,/products
L1-3-0187,2026-09-03,U0187,/contact
L1-3-0188,2026-09-03,U0188,/home
L1-3-0189,2026-09-03,U0189,/pricing
L1-3-0190,2026-09-03,U0190,/docs
L1-3-0191,2026-09-03,U0191,/products
L1-3-0192,2026-09-03,U0192,/contact
L1-3-0193,2026-09-03,U0193,/home
L1-3-0194,2026-09-03,U0194,/pricing
L1-3-0195,2026-09-03,U0195,/docs
L1-3-0196,2026-09-03,U0196,/products
L1-3-0197,2026-09-03,U0197,/contact
L1-3-0198,2026-09-03,U0198,/home
L1-3-0199,2026-09-03,U0199,/pricing
L1-3-0200,2026-09-03,U0200,/docs
L1-3-0201,2026-09-03,U0201,/products
L1-3-0202,2026-09-03,U0202,/contact
L1-3-0203,2026-09-03,U0203,/home
L1-3-0204,2026-09-03,U0204,/pricing
L1-3-0205,2026-09-03,U0205,/docs
L1-3-0206,2026-09-03,U0206,/products
L1-3-0207,2026-09-03,U0207,/contact
L1-3-0208,2026-09-03,U0208,/home
L1-3-0209,2026-09-03,U0209,/pricing
L1-3-0210,2026-09-03,U0210,/docs
L1-3-0211,2026-09-03,U0211,/products
L1-3-0212,2026-09-03,U0212,/contact
L1-3-0213,2026-09-03,U0213,/home
L1-3-0214,2026-09-03,U0214,/pricing
L1-3-0215,2026-09-03,U0215,/docs
L1-3-0216,2026-09-03,U0216,/products
L1-3-0217,2026-09-03,U0217,/contact
L1-3-0218,2026-09-03,U0218,/home
L1-3-0219,2026-09-03,U0219,/pricing
L1-3-0220,2026-09-03,U0220,/docs
L1-3-0221,2026-09-03,U0221,/products
L1-3-0222,2026-09-03,U0222,/contact
L1-3-0223,2026-09-03,U0223,/home
L1-3-0224,2026-09-03,U0224,/pricing
L1-3-0225,2026-09-03,U0225,/docs
L1-3-0226,2026-09-03,U0226,/products
L1-3-0227,2026-09-03,U0227,/contact
L1-3-0228,2026-09-03,U0228,/home
L1-3-0229,2026-09-03,U0229,/pricing
L1-3-0230,2026-09-03,U0230,/docs
L1-3-0231,2026-09-03,U0001,/products
L1-3-0232,2026-09-03,U0002,/contact
L1-3-0233,2026-09-03,U0003,/home
L1-3-0234,2026-09-03,U0004,/pricing
L1-3-0235,2026-09-03,U0005,/docs
L1-3-0236,2026-09-03,U0006,/products
L1-3-0237,2026-09-03,U0007,/contact
L1-3-0238,2026-09-03,U0008,/home
L1-3-0239,2026-09-03,U0009,/pricing
L1-3-0240,2026-09-03,U0010,/docs
L1-3-0241,2026-09-03,U0011,/products
L1-3-0242,2026-09-03,U0012,/contact
L1-3-0243,2026-09-03,U0013,/home
L1-3-0244,2026-09-03,U0014,/pricing
L1-3-0245,2026-09-03,U0015,/docs
L1-3-0246,2026-09-03,U0016,/products
L1-3-0247,2026-09-03,U0017,/contact
L1-3-0248,2026-09-03,U0018,/home
L1-3-0249,2026-09-03,U0019,/pricing
L1-3-0250,2026-09-03,U0020,/docs
L1-3-0251,2026-09-03,U0021,/products
L1-3-0252,2026-09-03,U0022,/contact
L1-3-0253,2026-09-03,U0023,/home
L1-3-0254,2026-09-03,U0024,/pricing
L1-3-0255,2026-09-03,U0025,/docs
L1-3-0256,2026-09-03,U0026,/products
L1-3-0257,2026-09-03,U0027,/contact
L1-3-0258,2026-09-03,U0028,/home
L1-3-0259,2026-09-03,U0029,/pricing
L1-3-0260,2026-09-03,U0030,/docs
L1-3-0261,2026-09-03,U0031,/products
L1-3-0262,2026-09-03,U0032,/contact
L1-3-0263,2026-09-03,U0033,/home
L1-3-0264,2026-09-03,U0034,/pricing
L1-3-0265,2026-09-03,U0035,/docs
L1-3-0266,2026-09-03,U0036,/products
L1-3-0267,2026-09-03,U0037,/contact
L1-3-0268,2026-09-03,U0038,/home
L1-3-0269,2026-09-03,U0039,/pricing
L1-3-0270,2026-09-03,U0040,/docs
L1-3-0271,2026-09-03,U0041,/products
L1-3-0272,2026-09-03,U0042,/contact
L1-3-0273,2026-09-03,U0043,/home
L1-3-0274,2026-09-03,U0044,/pricing
L1-3-0275,2026-09-03,U0045,/docs
L1-3-0276,2026-09-03,U0046,/products
L1-3-0277,2026-09-03,U0047,/contact
L1-3-0278,2026-09-03,U0048,/home
L1-3-0279,2026-09-03,U0049,/pricing
L1-3-0280,2026-09-03,U0050,/docs
L1-3-0281,2026-09-03,U0051,/products
L1-3-0282,2026-09-03,U0052,/contact
L1-3-0283,2026-09-03,U0053,/home
L1-3-0284,2026-09-03,U0054,/pricing
L1-3-0285,2026-09-03,U0055,/docs
L1-3-0286,2026-09-03,U0056,/products
L1-3-0287,2026-09-03,U0057,/contact
L1-3-0288,2026-09-03,U0058,/home
L1-3-0289,2026-09-03,U0059,/pricing
L1-3-0290,2026-09-03,U0060,/docs
L1-3-0291,2026-09-03,U0061,/products
L1-3-0292,2026-09-03,U0062,/contact
L1-3-0293,2026-09-03,U0063,/home
L1-3-0294,2026-09-03,U0064,/pricing
L1-3-0295,2026-09-03,U0065,/docs
L1-3-0296,2026-09-03,U0066,/products
L1-3-0297,2026-09-03,U0067,/contact
L1-3-0298,2026-09-03,U0068,/home
L1-3-0299,2026-09-03,U0069,/pricing
L1-3-0300,2026-09-03,U0070,/docs
L1-3-0301,2026-09-03,U0071,/products
L1-3-0302,2026-09-03,U0072,/contact
L1-3-0303,2026-09-03,U0073,/home
L1-3-0304,2026-09-03,U0074,/pricing
L1-3-0305,2026-09-03,U0075,/docs
L1-3-0306,2026-09-03,U0076,/products
L1-3-0307,2026-09-03,U0077,/contact
L1-3-0308,2026-09-03,U0078,/home
L1-3-0309,2026-09-03,U0079,/pricing
L1-3-0310,2026-09-03,U0080,/docs
L1-3-0311,2026-09-03,U0081,/products
L1-3-0312,2026-09-03,U0082,/contact
L1-3-0313,2026-09-03,U0083,/home
L1-3-0314,2026-09-03,U0084,/pricing
L1-3-0315,2026-09-03,U0085,/docs
L1-3-0316,2026-09-03,U0086,/products
L1-3-0317,2026-09-03,U0087,/contact
L1-3-0318,2026-09-03,U0088,/home
L1-3-0319,2026-09-03,U0089,/pricing
L1-3-0320,2026-09-03,U0090,/docs
L1-3-0321,2026-09-03,U0091,/products
L1-3-0322,2026-09-03,U0092,/contact
L1-3-0323,2026-09-03,U0093,/home
L1-3-0324,2026-09-03,U0094,/pricing
L1-3-0325,2026-09-03,U0095,/docs
L1-3-0326,2026-09-03,U0096,/products
L1-3-0327,2026-09-03,U0097,/contact
L1-3-0328,2026-09-03,U0098,/home
L1-3-0329,2026-09-03,U0099,/pricing
L1-3-0330,2026-09-03,U0100,/docs
L1-3-0331,2026-09-03,U0101,/products
L1-3-0332,2026-09-03,U0102,/contact
L1-3-0333,2026-09-03,U0103,/home
L1-3-0334,2026-09-03,U0104,/pricing
L1-3-0335,2026-09-03,U0105,/docs
L1-3-0336,2026-09-03,U0106,/products
L1-3-0337,2026-09-03,U0107,/contact
L1-3-0338,2026-09-03,U0108,/home
L1-3-0339,2026-09-03,U0109,/pricing
L1-3-0340,2026-09-03,U0110,/docs
L1-3-0341,2026-09-03,U0111,/products
L1-3-0342,2026-09-03,U0112,/contact
L1-3-0343,2026-09-03,U0113,/home
L1-3-0344,2026-09-03,U0114,/pricing
L1-3-0345,2026-09-03,U0115,/docs
L1-3-0346,2026-09-03,U0116,/products
L1-3-0347,2026-09-03,U0117,/contact
L1-3-0348,2026-09-03,U0118,/home
L1-3-0349,2026-09-03,U0119,/pricing
L1-3-0350,2026-09-03,U0120,/docs
L1-3-0351,2026-09-03,U0121,/products
L1-3-0352,2026-09-03,U0122,/contact
L1-3-0353,2026-09-03,U0123,/home
L1-3-0354,2026-09-03,U0124,/pricing
L1-3-0355,2026-09-03,U0125,/docs
L1-3-0356,2026-09-03,U0126,/products
L1-3-0357,2026-09-03,U0127,/contact
L1-3-0358,2026-09-03,U0128,/home
L1-3-0359,2026-09-03,U0129,/pricing
L1-3-0360,2026-09-03,U0130,/docs
L1-3-0361,2026-09-03,U0131,/products
L1-3-0362,2026-09-03,U0132,/contact
L1-3-0363,2026-09-03,U0133,/home
L1-3-0364,2026-09-03,U0134,/pricing
L1-3-0365,2026-09-03,U0135,/docs
L1-3-0366,2026-09-03,U0136,/products
L1-3-0367,2026-09-03,U0137,/contact
L1-3-0368,2026-09-03,U0138,/home
L1-3-0369,2026-09-03,U0139,/pricing
L1-3-0370,2026-09-03,U0140,/docs
L1-3-0371,2026-09-03,U0141,/products
L1-3-0372,2026-09-03,U0142,/contact
L1-3-0373,2026-09-03,U0143,/home
L1-3-0374,2026-09-03,U0144,/pricing
L1-3-0375,2026-09-03,U0145,/docs
L1-3-0376,2026-09-03,U0146,/products
L1-3-0377,2026-09-03,U0147,/contact
L1-3-0378,2026-09-03,U0148,/home
L1-3-0379,2026-09-03,U0149,/pricing
L1-3-0380,2026-09-03,U0150,/docs
L1-3-0381,2026-09-03,U0151,/products
L1-3-0382,2026-09-03,U0152,/contact
L1-3-0383,2026-09-03,U0153,/home
L1-3-0384,2026-09-03,U0154,/pricing
L1-3-0385,2026-09-03,U0155,/docs
L1-3-0386,2026-09-03,U0156,/products
L1-3-0387,2026-09-03,U0157,/contact
L1-3-0388,2026-09-03,U0158,/home
L1-3-0389,2026-09-03,U0159,/pricing
L1-3-0390,2026-09-03,U0160,/docs
L1-3-0391,2026-09-03,U0161,/products
L1-3-0392,2026-09-03,U0162,/contact
L1-3-0393,2026-09-03,U0163,/home
L1-3-0394,2026-09-03,U0164,/pricing
L1-3-0395,2026-09-03,U0165,/docs
L1-3-0396,2026-09-03,U0166,/products
L1-3-0397,2026-09-03,U0167,/contact
L1-3-0398,2026-09-03,U0168,/home
L1-3-0399,2026-09-03,U0169,/pricing
L1-3-0400,2026-09-03,U0170,/docs
L1-3-0401,2026-09-03,U0171,/products
L1-3-0402,2026-09-03,U0172,/contact
L1-3-0403,2026-09-03,U0173,/home
L1-3-0404,2026-09-03,U0174,/pricing
L1-3-0405,2026-09-03,U0175,/docs
L1-3-0406,2026-09-03,U0176,/products
L1-3-0407,2026-09-03,U0177,/contact
L1-3-0408,2026-09-03,U0178,/home
L1-3-0409,2026-09-03,U0179,/pricing
L1-3-0410,2026-09-03,U0180,/docs
L1-3-0411,2026-09-03,U0181,/products
L1-3-0412,2026-09-03,U0182,/contact
L1-3-0413,2026-09-03,U0183,/home
L1-3-0414,2026-09-03,U0184,/pricing
L1-3-0415,2026-09-03,U0185,/docs
L1-3-0416,2026-09-03,U0186,/products
L1-3-0417,2026-09-03,U0187,/contact
L1-3-0418,2026-09-03,U0188,/home
L1-3-0419,2026-09-03,U0189,/pricing
L1-3-0420,2026-09-03,U0190,/docs
L1-3-0421,2026-09-03,U0191,/products
L1-3-0422,2026-09-03,U0192,/contact
L1-3-0423,2026-09-03,U0193,/home
L1-3-0424,2026-09-03,U0194,/pricing
L1-3-0425,2026-09-03,U0195,/docs
L1-3-0426,2026-09-03,U0196,/products
L1-3-0427,2026-09-03,U0197,/contact
L1-3-0428,2026-09-03,U0198,/home
L1-3-0429,2026-09-03,U0199,/pricing
L1-3-0430,2026-09-03,U0200,/docs
L1-3-0431,2026-09-03,U0201,/products
L1-3-0432,2026-09-03,U0202,/contact
L1-3-0433,2026-09-03,U0203,/home
L1-3-0434,2026-09-03,U0204,/pricing
L1-3-0435,2026-09-03,U0205,/docs
L1-3-0436,2026-09-03,U0206,/products
L1-3-0437,2026-09-03,U0207,/contact
L1-3-0438,2026-09-03,U0208,/home
L1-3-0439,2026-09-03,U0209,/pricing
L1-3-0440,2026-09-03,U0210,/docs
L1-3-0441,2026-09-03,U0211,/products
L1-3-0442,2026-09-03,U0212,/contact
L1-3-0443,2026-09-03,U0213,/home
L1-3-0444,2026-09-03,U0214,/pricing
L1-3-0445,2026-09-03,U0215,/docs
L1-3-0446,2026-09-03,U0216,/products
L1-3-0447,2026-09-03,U0217,/contact
L1-3-0448,2026-09-03,U0218,/home
L1-3-0449,2026-09-03,U0219,/pricing
L1-3-0450,2026-09-03,U0220,/docs
L1-3-0451,2026-09-03,U0221,/products
L1-3-0452,2026-09-03,U0222,/contact
L1-3-0453,2026-09-03,U0223,/home
L1-3-0454,2026-09-03,U0224,/pricing
L1-3-0455,2026-09-03,U0225,/docs
L1-3-0456,2026-09-03,U0226,/products
L1-3-0457,2026-09-03,U0227,/contact
L1-3-0458,2026-09-03,U0228,/home
L1-3-0459,2026-09-03,U0229,/pricing
L1-3-0460,2026-09-03,U0230,/docs
L1-3-0461,2026-09-03,U0001,/products
L1-3-0462,2026-09-03,U0002,/contact
L1-3-0463,2026-09-03,U0003,/home
L1-3-0464,2026-09-03,U0004,/pricing
L1-3-0465,2026-09-03,U0005,/docs
L1-3-0466,2026-09-03,U0006,/products
L1-3-0467,2026-09-03,U0007,/contact
L1-3-0468,2026-09-03,U0008,/home
L1-3-0469,2026-09-03,U0009,/pricing
L1-3-0470,2026-09-03,U0010,/docs
L1-3-0471,2026-09-03,U0011,/products
L1-3-0472,2026-09-03,U0012,/contact
L1-3-0473,2026-09-03,U0013,/home
L1-3-0474,2026-09-03,U0014,/pricing
L1-3-0475,2026-09-03,U0015,/docs
L1-3-0476,2026-09-03,U0016,/products
L1-3-0477,2026-09-03,U0017,/contact
L1-3-0478,2026-09-03,U0018,/home
L1-3-0479,2026-09-03,U0019,/pricing
L1-3-0480,2026-09-03,U0020,/docs
L1-3-0481,2026-09-03,U0021,/products
L1-3-0482,2026-09-03,U0022,/contact
L1-3-0483,2026-09-03,U0023,/home
L1-3-0484,2026-09-03,U0024,/pricing
L1-3-0485,2026-09-03,U0025,/docs
L1-3-0486,2026-09-03,U0026,/products
L1-3-0487,2026-09-03,U0027,/contact
L1-3-0488,2026-09-03,U0028,/home
L1-3-0489,2026-09-03,U0029,/pricing
L1-3-0490,2026-09-03,U0030,/docs
L1-3-0491,2026-09-03,U0031,/products
L1-3-0492,2026-09-03,U0032,/contact
L1-3-0493,2026-09-03,U0033,/home
L1-3-0494,2026-09-03,U0034,/pricing
L1-3-0495,2026-09-03,U0035,/docs
L1-3-0496,2026-09-03,U0036,/products
L1-3-0497,2026-09-03,U0037,/contact
L1-3-0498,2026-09-03,U0038,/home
L1-3-0499,2026-09-03,U0039,/pricing
L1-3-0500,2026-09-03,U0040,/docs
L1-3-0501,2026-09-03,U0041,/products
L1-3-0502,2026-09-03,U0042,/contact
L1-3-0503,2026-09-03,U0043,/home
L1-3-0504,2026-09-03,U0044,/pricing
L1-3-0505,2026-09-03,U0045,/docs
L1-3-0506,2026-09-03,U0046,/products
L1-3-0507,2026-09-03,U0047,/contact
L1-3-0508,2026-09-03,U0048,/home
L1-3-0509,2026-09-03,U0049,/pricing
L1-3-0510,2026-09-03,U0050,/docs
L1-3-0511,2026-09-03,U0051,/products
L1-3-0512,2026-09-03,U0052,/contact
L1-3-0513,2026-09-03,U0053,/home
L1-3-0514,2026-09-03,U0054,/pricing
L1-3-0515,2026-09-03,U0055,/docs
L1-3-0516,2026-09-03,U0056,/products
L1-3-0517,2026-09-03,U0057,/contact
L1-3-0518,2026-09-03,U0058,/home
L1-3-0519,2026-09-03,U0059,/pricing
L1-3-0520,2026-09-03,U0060,/docs
L1-3-0521,2026-09-03,U0061,/products
L1-3-0522,2026-09-03,U0062,/contact
L1-3-0523,2026-09-03,U0063,/home
L1-3-0524,2026-09-03,U0064,/pricing
L1-3-0525,2026-09-03,U0065,/docs
L1-3-0526,2026-09-03,U0066,/products
L1-3-0527,2026-09-03,U0067,/contact
L1-3-0528,2026-09-03,U0068,/home
L1-3-0529,2026-09-03,U0069,/pricing
L1-3-0530,2026-09-03,U0070,/docs
L1-3-0531,2026-09-03,U0071,/products
L1-3-0532,2026-09-03,U0072,/contact
L1-3-0533,2026-09-03,U0073,/home
L1-3-0534,2026-09-03,U0074,/pricing
L1-3-0535,2026-09-03,U0075,/docs
L1-3-0536,2026-09-03,U0076,/products
L1-3-0537,2026-09-03,U0077,/contact
L1-3-0538,2026-09-03,U0078,/home
L1-3-0539,2026-09-03,U0079,/pricing
L1-3-0540,2026-09-03,U0080,/docs
L1-3-0541,2026-09-03,U0081,/products
L1-3-0542,2026-09-03,U0082,/contact
L1-3-0543,2026-09-03,U0083,/home
L1-3-0544,2026-09-03,U0084,/pricing
L1-3-0545,2026-09-03,U0085,/docs
L1-3-0546,2026-09-03,U0086,/products
L1-3-0547,2026-09-03,U0087,/contact
L1-3-0548,2026-09-03,U0088,/home
L1-3-0549,2026-09-03,U0089,/pricing
L1-3-0550,2026-09-03,U0090,/docs
L1-3-0551,2026-09-03,U0091,/products
L1-3-0552,2026-09-03,U0092,/contact
L1-3-0553,2026-09-03,U0093,/home
L1-3-0554,2026-09-03,U0094,/pricing
L1-3-0555,2026-09-03,U0095,/docs
L1-3-0556,2026-09-03,U0096,/products
L1-3-0557,2026-09-03,U0097,/contact
L1-3-0558,2026-09-03,U0098,/home
L1-3-0559,2026-09-03,U0099,/pricing
L1-3-0560,2026-09-03,U0100,/docs
L1-3-0561,2026-09-03,U0101,/products
L1-3-0562,2026-09-03,U0102,/contact
L1-3-0563,2026-09-03,U0103,/home
L1-3-0564,2026-09-03,U0104,/pricing
L1-3-0565,2026-09-03,U0105,/docs
L1-3-0566,2026-09-03,U0106,/products
L1-3-0567,2026-09-03,U0107,/contact
L1-3-0568,2026-09-03,U0108,/home
L1-3-0569,2026-09-03,U0109,/pricing
L1-3-0570,2026-09-03,U0110,/docs
L1-3-0571,2026-09-03,U0111,/products
L1-3-0572,2026-09-03,U0112,/contact
L1-3-0573,2026-09-03,U0113,/home
L1-3-0574,2026-09-03,U0114,/pricing
L1-3-0575,2026-09-03,U0115,/docs
L1-3-0576,2026-09-03,U0116,/products
L1-3-0577,2026-09-03,U0117,/contact
L1-3-0578,2026-09-03,U0118,/home
L1-3-0579,2026-09-03,U0119,/pricing
L1-3-0580,2026-09-03,U0120,/docs
L1-3-0581,2026-09-03,U0121,/products
L1-3-0582,2026-09-03,U0122,/contact
L1-3-0583,2026-09-03,U0123,/home
L1-3-0584,2026-09-03,U0124,/pricing
L1-3-0585,2026-09-03,U0125,/docs
L1-3-0586,2026-09-03,U0126,/products
L1-3-0587,2026-09-03,U0127,/contact
L1-3-0588,2026-09-03,U0128,/home
L1-3-0589,2026-09-03,U0129,/pricing
L1-3-0590,2026-09-03,U0130,/docs
L1-3-0591,2026-09-03,U0131,/products
L1-3-0592,2026-09-03,U0132,/contact
L1-3-0593,2026-09-03,U0133,/home
L1-3-0594,2026-09-03,U0134,/pricing
L1-3-0595,2026-09-03,U0135,/docs
L1-3-0596,2026-09-03,U0136,/products
L1-3-0597,2026-09-03,U0137,/contact
L1-3-0598,2026-09-03,U0138,/home
L1-3-0599,2026-09-03,U0139,/pricing
L1-3-0600,2026-09-03,U0140,/docs
L1-4-0001,2026-09-04,U0001,/contact
L1-4-0002,2026-09-04,U0002,/home
L1-4-0003,2026-09-04,U0003,/pricing
L1-4-0004,2026-09-04,U0004,/docs
L1-4-0005,2026-09-04,U0005,/products
L1-4-0006,2026-09-04,U0006,/contact
L1-4-0007,2026-09-04,U0007,/home
L1-4-0008,2026-09-04,U0008,/pricing
L1-4-0009,2026-09-04,U0009,/docs
L1-4-0010,2026-09-04,U0010,/products
L1-4-0011,2026-09-04,U0011,/contact
L1-4-0012,2026-09-04,U0012,/home
L1-4-0013,2026-09-04,U0013,/pricing
L1-4-0014,2026-09-04,U0014,/docs
L1-4-0015,2026-09-04,U0015,/products
L1-4-0016,2026-09-04,U0016,/contact
L1-4-0017,2026-09-04,U0017,/home
L1-4-0018,2026-09-04,U0018,/pricing
L1-4-0019,2026-09-04,U0019,/docs
L1-4-0020,2026-09-04,U0020,/products
L1-4-0021,2026-09-04,U0021,/contact
L1-4-0022,2026-09-04,U0022,/home
L1-4-0023,2026-09-04,U0023,/pricing
L1-4-0024,2026-09-04,U0024,/docs
L1-4-0025,2026-09-04,U0025,/products
L1-4-0026,2026-09-04,U0026,/contact
L1-4-0027,2026-09-04,U0027,/home
L1-4-0028,2026-09-04,U0028,/pricing
L1-4-0029,2026-09-04,U0029,/docs
L1-4-0030,2026-09-04,U0030,/products
L1-4-0031,2026-09-04,U0031,/contact
L1-4-0032,2026-09-04,U0032,/home
L1-4-0033,2026-09-04,U0033,/pricing
L1-4-0034,2026-09-04,U0034,/docs
L1-4-0035,2026-09-04,U0035,/products
L1-4-0036,2026-09-04,U0036,/contact
L1-4-0037,2026-09-04,U0037,/home
L1-4-0038,2026-09-04,U0038,/pricing
L1-4-0039,2026-09-04,U0039,/docs
L1-4-0040,2026-09-04,U0040,/products
L1-4-0041,2026-09-04,U0041,/contact
L1-4-0042,2026-09-04,U0042,/home
L1-4-0043,2026-09-04,U0043,/pricing
L1-4-0044,2026-09-04,U0044,/docs
L1-4-0045,2026-09-04,U0045,/products
L1-4-0046,2026-09-04,U0046,/contact
L1-4-0047,2026-09-04,U0047,/home
L1-4-0048,2026-09-04,U0048,/pricing
L1-4-0049,2026-09-04,U0049,/docs
L1-4-0050,2026-09-04,U0050,/products
L1-4-0051,2026-09-04,U0051,/contact
L1-4-0052,2026-09-04,U0052,/home
L1-4-0053,2026-09-04,U0053,/pricing
L1-4-0054,2026-09-04,U0054,/docs
L1-4-0055,2026-09-04,U0055,/products
L1-4-0056,2026-09-04,U0056,/contact
L1-4-0057,2026-09-04,U0057,/home
L1-4-0058,2026-09-04,U0058,/pricing
L1-4-0059,2026-09-04,U0059,/docs
L1-4-0060,2026-09-04,U0060,/products
L1-4-0061,2026-09-04,U0061,/contact
L1-4-0062,2026-09-04,U0062,/home
L1-4-0063,2026-09-04,U0063,/pricing
L1-4-0064,2026-09-04,U0064,/docs
L1-4-0065,2026-09-04,U0065,/products
L1-4-0066,2026-09-04,U0066,/contact
L1-4-0067,2026-09-04,U0067,/home
L1-4-0068,2026-09-04,U0068,/pricing
L1-4-0069,2026-09-04,U0069,/docs
L1-4-0070,2026-09-04,U0070,/products
L1-4-0071,2026-09-04,U0071,/contact
L1-4-0072,2026-09-04,U0072,/home
L1-4-0073,2026-09-04,U0073,/pricing
L1-4-0074,2026-09-04,U0074,/docs
L1-4-0075,2026-09-04,U0075,/products
L1-4-0076,2026-09-04,U0076,/contact
L1-4-0077,2026-09-04,U0077,/home
L1-4-0078,2026-09-04,U0078,/pricing
L1-4-0079,2026-09-04,U0079,/docs
L1-4-0080,2026-09-04,U0080,/products
L1-4-0081,2026-09-04,U0081,/contact
L1-4-0082,2026-09-04,U0082,/home
L1-4-0083,2026-09-04,U0083,/pricing
L1-4-0084,2026-09-04,U0084,/docs
L1-4-0085,2026-09-04,U0085,/products
L1-4-0086,2026-09-04,U0086,/contact
L1-4-0087,2026-09-04,U0087,/home
L1-4-0088,2026-09-04,U0088,/pricing
L1-4-0089,2026-09-04,U0089,/docs
L1-4-0090,2026-09-04,U0090,/products
L1-4-0091,2026-09-04,U0091,/contact
L1-4-0092,2026-09-04,U0092,/home
L1-4-0093,2026-09-04,U0093,/pricing
L1-4-0094,2026-09-04,U0094,/docs
L1-4-0095,2026-09-04,U0095,/products
L1-4-0096,2026-09-04,U0096,/contact
L1-4-0097,2026-09-04,U0097,/home
L1-4-0098,2026-09-04,U0098,/pricing
L1-4-0099,2026-09-04,U0099,/docs
L1-4-0100,2026-09-04,U0100,/products
L1-4-0101,2026-09-04,U0101,/contact
L1-4-0102,2026-09-04,U0102,/home
L1-4-0103,2026-09-04,U0103,/pricing
L1-4-0104,2026-09-04,U0104,/docs
L1-4-0105,2026-09-04,U0105,/products
L1-4-0106,2026-09-04,U0106,/contact
L1-4-0107,2026-09-04,U0107,/home
L1-4-0108,2026-09-04,U0108,/pricing
L1-4-0109,2026-09-04,U0109,/docs
L1-4-0110,2026-09-04,U0110,/products
L1-4-0111,2026-09-04,U0111,/contact
L1-4-0112,2026-09-04,U0112,/home
L1-4-0113,2026-09-04,U0113,/pricing
L1-4-0114,2026-09-04,U0114,/docs
L1-4-0115,2026-09-04,U0115,/products
L1-4-0116,2026-09-04,U0116,/contact
L1-4-0117,2026-09-04,U0117,/home
L1-4-0118,2026-09-04,U0118,/pricing
L1-4-0119,2026-09-04,U0119,/docs
L1-4-0120,2026-09-04,U0120,/products
L1-4-0121,2026-09-04,U0121,/contact
L1-4-0122,2026-09-04,U0122,/home
L1-4-0123,2026-09-04,U0123,/pricing
L1-4-0124,2026-09-04,U0124,/docs
L1-4-0125,2026-09-04,U0125,/products
L1-4-0126,2026-09-04,U0126,/contact
L1-4-0127,2026-09-04,U0127,/home
L1-4-0128,2026-09-04,U0128,/pricing
L1-4-0129,2026-09-04,U0129,/docs
L1-4-0130,2026-09-04,U0130,/products
L1-4-0131,2026-09-04,U0131,/contact
L1-4-0132,2026-09-04,U0132,/home
L1-4-0133,2026-09-04,U0133,/pricing
L1-4-0134,2026-09-04,U0134,/docs
L1-4-0135,2026-09-04,U0135,/products
L1-4-0136,2026-09-04,U0136,/contact
L1-4-0137,2026-09-04,U0137,/home
L1-4-0138,2026-09-04,U0138,/pricing
L1-4-0139,2026-09-04,U0139,/docs
L1-4-0140,2026-09-04,U0140,/products
L1-4-0141,2026-09-04,U0141,/contact
L1-4-0142,2026-09-04,U0142,/home
L1-4-0143,2026-09-04,U0143,/pricing
L1-4-0144,2026-09-04,U0144,/docs
L1-4-0145,2026-09-04,U0145,/products
L1-4-0146,2026-09-04,U0146,/contact
L1-4-0147,2026-09-04,U0147,/home
L1-4-0148,2026-09-04,U0148,/pricing
L1-4-0149,2026-09-04,U0149,/docs
L1-4-0150,2026-09-04,U0150,/products
L1-4-0151,2026-09-04,U0151,/contact
L1-4-0152,2026-09-04,U0152,/home
L1-4-0153,2026-09-04,U0153,/pricing
L1-4-0154,2026-09-04,U0154,/docs
L1-4-0155,2026-09-04,U0155,/products
L1-4-0156,2026-09-04,U0156,/contact
L1-4-0157,2026-09-04,U0157,/home
L1-4-0158,2026-09-04,U0158,/pricing
L1-4-0159,2026-09-04,U0159,/docs
L1-4-0160,2026-09-04,U0160,/products
L1-4-0161,2026-09-04,U0161,/contact
L1-4-0162,2026-09-04,U0162,/home
L1-4-0163,2026-09-04,U0163,/pricing
L1-4-0164,2026-09-04,U0164,/docs
L1-4-0165,2026-09-04,U0165,/products
L1-4-0166,2026-09-04,U0166,/contact
L1-4-0167,2026-09-04,U0167,/home
L1-4-0168,2026-09-04,U0168,/pricing
L1-4-0169,2026-09-04,U0169,/docs
L1-4-0170,2026-09-04,U0170,/products
L1-4-0171,2026-09-04,U0171,/contact
L1-4-0172,2026-09-04,U0172,/home
L1-4-0173,2026-09-04,U0173,/pricing
L1-4-0174,2026-09-04,U0174,/docs
L1-4-0175,2026-09-04,U0175,/products
L1-4-0176,2026-09-04,U0176,/contact
L1-4-0177,2026-09-04,U0177,/home
L1-4-0178,2026-09-04,U0178,/pricing
L1-4-0179,2026-09-04,U0179,/docs
L1-4-0180,2026-09-04,U0180,/products
L1-4-0181,2026-09-04,U0181,/contact
L1-4-0182,2026-09-04,U0182,/home
L1-4-0183,2026-09-04,U0183,/pricing
L1-4-0184,2026-09-04,U0184,/docs
L1-4-0185,2026-09-04,U0185,/products
L1-4-0186,2026-09-04,U0186,/contact
L1-4-0187,2026-09-04,U0187,/home
L1-4-0188,2026-09-04,U0188,/pricing
L1-4-0189,2026-09-04,U0189,/docs
L1-4-0190,2026-09-04,U0190,/products
L1-4-0191,2026-09-04,U0191,/contact
L1-4-0192,2026-09-04,U0192,/home
L1-4-0193,2026-09-04,U0193,/pricing
L1-4-0194,2026-09-04,U0194,/docs
L1-4-0195,2026-09-04,U0195,/products
L1-4-0196,2026-09-04,U0196,/contact
L1-4-0197,2026-09-04,U0197,/home
L1-4-0198,2026-09-04,U0198,/pricing
L1-4-0199,2026-09-04,U0199,/docs
L1-4-0200,2026-09-04,U0200,/products
L1-4-0201,2026-09-04,U0201,/contact
L1-4-0202,2026-09-04,U0202,/home
L1-4-0203,2026-09-04,U0203,/pricing
L1-4-0204,2026-09-04,U0204,/docs
L1-4-0205,2026-09-04,U0205,/products
L1-4-0206,2026-09-04,U0206,/contact
L1-4-0207,2026-09-04,U0207,/home
L1-4-0208,2026-09-04,U0208,/pricing
L1-4-0209,2026-09-04,U0209,/docs
L1-4-0210,2026-09-04,U0210,/products
L1-4-0211,2026-09-04,U0211,/contact
L1-4-0212,2026-09-04,U0212,/home
L1-4-0213,2026-09-04,U0213,/pricing
L1-4-0214,2026-09-04,U0214,/docs
L1-4-0215,2026-09-04,U0215,/products
L1-4-0216,2026-09-04,U0216,/contact
L1-4-0217,2026-09-04,U0217,/home
L1-4-0218,2026-09-04,U0218,/pricing
L1-4-0219,2026-09-04,U0219,/docs
L1-4-0220,2026-09-04,U0220,/products
L1-4-0221,2026-09-04,U0221,/contact
L1-4-0222,2026-09-04,U0222,/home
L1-4-0223,2026-09-04,U0223,/pricing
L1-4-0224,2026-09-04,U0224,/docs
L1-4-0225,2026-09-04,U0225,/products
L1-4-0226,2026-09-04,U0226,/contact
L1-4-0227,2026-09-04,U0227,/home
L1-4-0228,2026-09-04,U0228,/pricing
L1-4-0229,2026-09-04,U0229,/docs
L1-4-0230,2026-09-04,U0230,/products
L1-4-0231,2026-09-04,U0231,/contact
L1-4-0232,2026-09-04,U0232,/home
L1-4-0233,2026-09-04,U0233,/pricing
L1-4-0234,2026-09-04,U0234,/docs
L1-4-0235,2026-09-04,U0235,/products
L1-4-0236,2026-09-04,U0236,/contact
L1-4-0237,2026-09-04,U0237,/home
L1-4-0238,2026-09-04,U0238,/pricing
L1-4-0239,2026-09-04,U0239,/docs
L1-4-0240,2026-09-04,U0240,/products
L1-4-0241,2026-09-04,U0241,/contact
L1-4-0242,2026-09-04,U0242,/home
L1-4-0243,2026-09-04,U0243,/pricing
L1-4-0244,2026-09-04,U0244,/docs
L1-4-0245,2026-09-04,U0245,/products
L1-4-0246,2026-09-04,U0246,/contact
L1-4-0247,2026-09-04,U0247,/home
L1-4-0248,2026-09-04,U0248,/pricing
L1-4-0249,2026-09-04,U0249,/docs
L1-4-0250,2026-09-04,U0250,/products
L1-4-0251,2026-09-04,U0251,/contact
L1-4-0252,2026-09-04,U0252,/home
L1-4-0253,2026-09-04,U0253,/pricing
L1-4-0254,2026-09-04,U0254,/docs
L1-4-0255,2026-09-04,U0255,/products
L1-4-0256,2026-09-04,U0256,/contact
L1-4-0257,2026-09-04,U0257,/home
L1-4-0258,2026-09-04,U0258,/pricing
L1-4-0259,2026-09-04,U0259,/docs
L1-4-0260,2026-09-04,U0260,/products
L1-4-0261,2026-09-04,U0261,/contact
L1-4-0262,2026-09-04,U0262,/home
L1-4-0263,2026-09-04,U0263,/pricing
L1-4-0264,2026-09-04,U0264,/docs
L1-4-0265,2026-09-04,U0265,/products
L1-4-0266,2026-09-04,U0266,/contact
L1-4-0267,2026-09-04,U0267,/home
L1-4-0268,2026-09-04,U0268,/pricing
L1-4-0269,2026-09-04,U0269,/docs
L1-4-0270,2026-09-04,U0270,/products
L1-4-0271,2026-09-04,U0271,/contact
L1-4-0272,2026-09-04,U0272,/home
L1-4-0273,2026-09-04,U0273,/pricing
L1-4-0274,2026-09-04,U0274,/docs
L1-4-0275,2026-09-04,U0275,/products
L1-4-0276,2026-09-04,U0276,/contact
L1-4-0277,2026-09-04,U0277,/home
L1-4-0278,2026-09-04,U0278,/pricing
L1-4-0279,2026-09-04,U0279,/docs
L1-4-0280,2026-09-04,U0280,/products
L1-4-0281,2026-09-04,U0281,/contact
L1-4-0282,2026-09-04,U0282,/home
L1-4-0283,2026-09-04,U0283,/pricing
L1-4-0284,2026-09-04,U0284,/docs
L1-4-0285,2026-09-04,U0285,/products
L1-4-0286,2026-09-04,U0286,/contact
L1-4-0287,2026-09-04,U0287,/home
L1-4-0288,2026-09-04,U0288,/pricing
L1-4-0289,2026-09-04,U0289,/docs
L1-4-0290,2026-09-04,U0290,/products
L1-4-0291,2026-09-04,U0291,/contact
L1-4-0292,2026-09-04,U0292,/home
L1-4-0293,2026-09-04,U0293,/pricing
L1-4-0294,2026-09-04,U0294,/docs
L1-4-0295,2026-09-04,U0295,/products
L1-4-0296,2026-09-04,U0296,/contact
L1-4-0297,2026-09-04,U0297,/home
L1-4-0298,2026-09-04,U0298,/pricing
L1-4-0299,2026-09-04,U0299,/docs
L1-4-0300,2026-09-04,U0300,/products
L1-4-0301,2026-09-04,U0301,/contact
L1-4-0302,2026-09-04,U0302,/home
L1-4-0303,2026-09-04,U0303,/pricing
L1-4-0304,2026-09-04,U0304,/docs
L1-4-0305,2026-09-04,U0305,/products
L1-4-0306,2026-09-04,U0306,/contact
L1-4-0307,2026-09-04,U0307,/home
L1-4-0308,2026-09-04,U0308,/pricing
L1-4-0309,2026-09-04,U0309,/docs
L1-4-0310,2026-09-04,U0310,/products
L1-4-0311,2026-09-04,U0311,/contact
L1-4-0312,2026-09-04,U0312,/home
L1-4-0313,2026-09-04,U0313,/pricing
L1-4-0314,2026-09-04,U0314,/docs
L1-4-0315,2026-09-04,U0315,/products
L1-4-0316,2026-09-04,U0316,/contact
L1-4-0317,2026-09-04,U0317,/home
L1-4-0318,2026-09-04,U0318,/pricing
L1-4-0319,2026-09-04,U0319,/docs
L1-4-0320,2026-09-04,U0320,/products
L1-4-0321,2026-09-04,U0321,/contact
L1-4-0322,2026-09-04,U0322,/home
L1-4-0323,2026-09-04,U0323,/pricing
L1-4-0324,2026-09-04,U0324,/docs
L1-4-0325,2026-09-04,U0325,/products
L1-4-0326,2026-09-04,U0326,/contact
L1-4-0327,2026-09-04,U0327,/home
L1-4-0328,2026-09-04,U0328,/pricing
L1-4-0329,2026-09-04,U0329,/docs
L1-4-0330,2026-09-04,U0330,/products
L1-4-0331,2026-09-04,U0331,/contact
L1-4-0332,2026-09-04,U0332,/home
L1-4-0333,2026-09-04,U0333,/pricing
L1-4-0334,2026-09-04,U0334,/docs
L1-4-0335,2026-09-04,U0335,/products
L1-4-0336,2026-09-04,U0336,/contact
L1-4-0337,2026-09-04,U0337,/home
L1-4-0338,2026-09-04,U0338,/pricing
L1-4-0339,2026-09-04,U0339,/docs
L1-4-0340,2026-09-04,U0340,/products
L1-4-0341,2026-09-04,U0341,/contact
L1-4-0342,2026-09-04,U0342,/home
L1-4-0343,2026-09-04,U0343,/pricing
L1-4-0344,2026-09-04,U0344,/docs
L1-4-0345,2026-09-04,U0345,/products
L1-4-0346,2026-09-04,U0346,/contact
L1-4-0347,2026-09-04,U0347,/home
L1-4-0348,2026-09-04,U0348,/pricing
L1-4-0349,2026-09-04,U0349,/docs
L1-4-0350,2026-09-04,U0350,/products
L1-4-0351,2026-09-04,U0351,/contact
L1-4-0352,2026-09-04,U0352,/home
L1-4-0353,2026-09-04,U0353,/pricing
L1-4-0354,2026-09-04,U0354,/docs
L1-4-0355,2026-09-04,U0355,/products
L1-4-0356,2026-09-04,U0356,/contact
L1-4-0357,2026-09-04,U0357,/home
L1-4-0358,2026-09-04,U0358,/pricing
L1-4-0359,2026-09-04,U0359,/docs
L1-4-0360,2026-09-04,U0360,/products
L1-4-0361,2026-09-04,U0361,/contact
L1-4-0362,2026-09-04,U0362,/home
L1-4-0363,2026-09-04,U0363,/pricing
L1-4-0364,2026-09-04,U0364,/docs
L1-4-0365,2026-09-04,U0365,/products
L1-4-0366,2026-09-04,U0366,/contact
L1-4-0367,2026-09-04,U0367,/home
L1-4-0368,2026-09-04,U0368,/pricing
L1-4-0369,2026-09-04,U0369,/docs
L1-4-0370,2026-09-04,U0370,/products
L1-4-0371,2026-09-04,U0371,/contact
L1-4-0372,2026-09-04,U0372,/home
L1-4-0373,2026-09-04,U0373,/pricing
L1-4-0374,2026-09-04,U0374,/docs
L1-4-0375,2026-09-04,U0375,/products
L1-4-0376,2026-09-04,U0376,/contact
L1-4-0377,2026-09-04,U0377,/home
L1-4-0378,2026-09-04,U0378,/pricing
L1-4-0379,2026-09-04,U0379,/docs
L1-4-0380,2026-09-04,U0380,/products
L1-4-0381,2026-09-04,U0381,/contact
L1-4-0382,2026-09-04,U0382,/home
L1-4-0383,2026-09-04,U0383,/pricing
L1-4-0384,2026-09-04,U0384,/docs
L1-4-0385,2026-09-04,U0385,/products
L1-4-0386,2026-09-04,U0386,/contact
L1-4-0387,2026-09-04,U0387,/home
L1-4-0388,2026-09-04,U0388,/pricing
L1-4-0389,2026-09-04,U0389,/docs
L1-4-0390,2026-09-04,U0390,/products
L1-4-0391,2026-09-04,U0391,/contact
L1-4-0392,2026-09-04,U0392,/home
L1-4-0393,2026-09-04,U0393,/pricing
L1-4-0394,2026-09-04,U0394,/docs
L1-4-0395,2026-09-04,U0395,/products
L1-4-0396,2026-09-04,U0396,/contact
L1-4-0397,2026-09-04,U0397,/home
L1-4-0398,2026-09-04,U0398,/pricing
L1-4-0399,2026-09-04,U0399,/docs
L1-4-0400,2026-09-04,U0400,/products
L1-4-0401,2026-09-04,U0401,/contact
L1-4-0402,2026-09-04,U0402,/home
L1-4-0403,2026-09-04,U0403,/pricing
L1-4-0404,2026-09-04,U0404,/docs
L1-4-0405,2026-09-04,U0405,/products
L1-4-0406,2026-09-04,U0406,/contact
L1-4-0407,2026-09-04,U0407,/home
L1-4-0408,2026-09-04,U0408,/pricing
L1-4-0409,2026-09-04,U0409,/docs
L1-4-0410,2026-09-04,U0410,/products
L1-4-0411,2026-09-04,U0001,/contact
L1-4-0412,2026-09-04,U0002,/home
L1-4-0413,2026-09-04,U0003,/pricing
L1-4-0414,2026-09-04,U0004,/docs
L1-4-0415,2026-09-04,U0005,/products
L1-4-0416,2026-09-04,U0006,/contact
L1-4-0417,2026-09-04,U0007,/home
L1-4-0418,2026-09-04,U0008,/pricing
L1-4-0419,2026-09-04,U0009,/docs
L1-4-0420,2026-09-04,U0010,/products
L1-4-0421,2026-09-04,U0011,/contact
L1-4-0422,2026-09-04,U0012,/home
L1-4-0423,2026-09-04,U0013,/pricing
L1-4-0424,2026-09-04,U0014,/docs
L1-4-0425,2026-09-04,U0015,/products
L1-4-0426,2026-09-04,U0016,/contact
L1-4-0427,2026-09-04,U0017,/home
L1-4-0428,2026-09-04,U0018,/pricing
L1-4-0429,2026-09-04,U0019,/docs
L1-4-0430,2026-09-04,U0020,/products
L1-4-0431,2026-09-04,U0021,/contact
L1-4-0432,2026-09-04,U0022,/home
L1-4-0433,2026-09-04,U0023,/pricing
L1-4-0434,2026-09-04,U0024,/docs
L1-4-0435,2026-09-04,U0025,/products
L1-4-0436,2026-09-04,U0026,/contact
L1-4-0437,2026-09-04,U0027,/home
L1-4-0438,2026-09-04,U0028,/pricing
L1-4-0439,2026-09-04,U0029,/docs
L1-4-0440,2026-09-04,U0030,/products
L1-4-0441,2026-09-04,U0031,/contact
L1-4-0442,2026-09-04,U0032,/home
L1-4-0443,2026-09-04,U0033,/pricing
L1-4-0444,2026-09-04,U0034,/docs
L1-4-0445,2026-09-04,U0035,/products
L1-4-0446,2026-09-04,U0036,/contact
L1-4-0447,2026-09-04,U0037,/home
L1-4-0448,2026-09-04,U0038,/pricing
L1-4-0449,2026-09-04,U0039,/docs
L1-4-0450,2026-09-04,U0040,/products
L1-4-0451,2026-09-04,U0041,/contact
L1-4-0452,2026-09-04,U0042,/home
L1-4-0453,2026-09-04,U0043,/pricing
L1-4-0454,2026-09-04,U0044,/docs
L1-4-0455,2026-09-04,U0045,/products
L1-4-0456,2026-09-04,U0046,/contact
L1-4-0457,2026-09-04,U0047,/home
L1-4-0458,2026-09-04,U0048,/pricing
L1-4-0459,2026-09-04,U0049,/docs
L1-4-0460,2026-09-04,U0050,/products
L1-4-0461,2026-09-04,U0051,/contact
L1-4-0462,2026-09-04,U0052,/home
L1-4-0463,2026-09-04,U0053,/pricing
L1-4-0464,2026-09-04,U0054,/docs
L1-4-0465,2026-09-04,U0055,/products
L1-4-0466,2026-09-04,U0056,/contact
L1-4-0467,2026-09-04,U0057,/home
L1-4-0468,2026-09-04,U0058,/pricing
L1-4-0469,2026-09-04,U0059,/docs
L1-4-0470,2026-09-04,U0060,/products
L1-4-0471,2026-09-04,U0061,/contact
L1-4-0472,2026-09-04,U0062,/home
L1-4-0473,2026-09-04,U0063,/pricing
L1-4-0474,2026-09-04,U0064,/docs
L1-4-0475,2026-09-04,U0065,/products
L1-4-0476,2026-09-04,U0066,/contact
L1-4-0477,2026-09-04,U0067,/home
L1-4-0478,2026-09-04,U0068,/pricing
L1-4-0479,2026-09-04,U0069,/docs
L1-4-0480,2026-09-04,U0070,/products
L1-4-0481,2026-09-04,U0071,/contact
L1-4-0482,2026-09-04,U0072,/home
L1-4-0483,2026-09-04,U0073,/pricing
L1-4-0484,2026-09-04,U0074,/docs
L1-4-0485,2026-09-04,U0075,/products
L1-4-0486,2026-09-04,U0076,/contact
L1-4-0487,2026-09-04,U0077,/home
L1-4-0488,2026-09-04,U0078,/pricing
L1-4-0489,2026-09-04,U0079,/docs
L1-4-0490,2026-09-04,U0080,/products
L1-4-0491,2026-09-04,U0081,/contact
L1-4-0492,2026-09-04,U0082,/home
L1-4-0493,2026-09-04,U0083,/pricing
L1-4-0494,2026-09-04,U0084,/docs
L1-4-0495,2026-09-04,U0085,/products
L1-4-0496,2026-09-04,U0086,/contact
L1-4-0497,2026-09-04,U0087,/home
L1-4-0498,2026-09-04,U0088,/pricing
L1-4-0499,2026-09-04,U0089,/docs
L1-4-0500,2026-09-04,U0090,/products
L1-4-0501,2026-09-04,U0091,/contact
L1-4-0502,2026-09-04,U0092,/home
L1-4-0503,2026-09-04,U0093,/pricing
L1-4-0504,2026-09-04,U0094,/docs
L1-4-0505,2026-09-04,U0095,/products
L1-4-0506,2026-09-04,U0096,/contact
L1-4-0507,2026-09-04,U0097,/home
L1-4-0508,2026-09-04,U0098,/pricing
L1-4-0509,2026-09-04,U0099,/docs
L1-4-0510,2026-09-04,U0100,/products
L1-4-0511,2026-09-04,U0101,/contact
L1-4-0512,2026-09-04,U0102,/home
L1-4-0513,2026-09-04,U0103,/pricing
L1-4-0514,2026-09-04,U0104,/docs
L1-4-0515,2026-09-04,U0105,/products
L1-4-0516,2026-09-04,U0106,/contact
L1-4-0517,2026-09-04,U0107,/home
L1-4-0518,2026-09-04,U0108,/pricing
L1-4-0519,2026-09-04,U0109,/docs
L1-4-0520,2026-09-04,U0110,/products
L1-4-0521,2026-09-04,U0111,/contact
L1-4-0522,2026-09-04,U0112,/home
L1-4-0523,2026-09-04,U0113,/pricing
L1-4-0524,2026-09-04,U0114,/docs
L1-4-0525,2026-09-04,U0115,/products
L1-4-0526,2026-09-04,U0116,/contact
L1-4-0527,2026-09-04,U0117,/home
L1-4-0528,2026-09-04,U0118,/pricing
L1-4-0529,2026-09-04,U0119,/docs
L1-4-0530,2026-09-04,U0120,/products
L1-4-0531,2026-09-04,U0121,/contact
L1-4-0532,2026-09-04,U0122,/home
L1-4-0533,2026-09-04,U0123,/pricing
L1-4-0534,2026-09-04,U0124,/docs
L1-4-0535,2026-09-04,U0125,/products
L1-4-0536,2026-09-04,U0126,/contact
L1-4-0537,2026-09-04,U0127,/home
L1-4-0538,2026-09-04,U0128,/pricing
L1-4-0539,2026-09-04,U0129,/docs
L1-4-0540,2026-09-04,U0130,/products
L1-4-0541,2026-09-04,U0131,/contact
L1-4-0542,2026-09-04,U0132,/home
L1-4-0543,2026-09-04,U0133,/pricing
L1-4-0544,2026-09-04,U0134,/docs
L1-4-0545,2026-09-04,U0135,/products
L1-4-0546,2026-09-04,U0136,/contact
L1-4-0547,2026-09-04,U0137,/home
L1-4-0548,2026-09-04,U0138,/pricing
L1-4-0549,2026-09-04,U0139,/docs
L1-4-0550,2026-09-04,U0140,/products
L1-4-0551,2026-09-04,U0141,/contact
L1-4-0552,2026-09-04,U0142,/home
L1-4-0553,2026-09-04,U0143,/pricing
L1-4-0554,2026-09-04,U0144,/docs
L1-4-0555,2026-09-04,U0145,/products
L1-4-0556,2026-09-04,U0146,/contact
L1-4-0557,2026-09-04,U0147,/home
L1-4-0558,2026-09-04,U0148,/pricing
L1-4-0559,2026-09-04,U0149,/docs
L1-4-0560,2026-09-04,U0150,/products
L1-4-0561,2026-09-04,U0151,/contact
L1-4-0562,2026-09-04,U0152,/home
L1-4-0563,2026-09-04,U0153,/pricing
L1-4-0564,2026-09-04,U0154,/docs
L1-4-0565,2026-09-04,U0155,/products
L1-4-0566,2026-09-04,U0156,/contact
L1-4-0567,2026-09-04,U0157,/home
L1-4-0568,2026-09-04,U0158,/pricing
L1-4-0569,2026-09-04,U0159,/docs
L1-4-0570,2026-09-04,U0160,/products
L1-4-0571,2026-09-04,U0161,/contact
L1-4-0572,2026-09-04,U0162,/home
L1-4-0573,2026-09-04,U0163,/pricing
L1-4-0574,2026-09-04,U0164,/docs
L1-4-0575,2026-09-04,U0165,/products
L1-4-0576,2026-09-04,U0166,/contact
L1-4-0577,2026-09-04,U0167,/home
L1-4-0578,2026-09-04,U0168,/pricing
L1-4-0579,2026-09-04,U0169,/docs
L1-4-0580,2026-09-04,U0170,/products
L1-4-0581,2026-09-04,U0171,/contact
L1-4-0582,2026-09-04,U0172,/home
L1-4-0583,2026-09-04,U0173,/pricing
L1-4-0584,2026-09-04,U0174,/docs
L1-4-0585,2026-09-04,U0175,/products
L1-4-0586,2026-09-04,U0176,/contact
L1-4-0587,2026-09-04,U0177,/home
L1-4-0588,2026-09-04,U0178,/pricing
L1-4-0589,2026-09-04,U0179,/docs
L1-4-0590,2026-09-04,U0180,/products
L1-4-0591,2026-09-04,U0181,/contact
L1-4-0592,2026-09-04,U0182,/home
L1-4-0593,2026-09-04,U0183,/pricing
L1-4-0594,2026-09-04,U0184,/docs
L1-4-0595,2026-09-04,U0185,/products
L1-4-0596,2026-09-04,U0186,/contact
L1-4-0597,2026-09-04,U0187,/home
L1-4-0598,2026-09-04,U0188,/pricing
L1-4-0599,2026-09-04,U0189,/docs
L1-4-0600,2026-09-04,U0190,/products
L1-5-0001,2026-09-05,U0001,/home
L1-5-0002,2026-09-05,U0002,/pricing
L1-5-0003,2026-09-05,U0003,/docs
L1-5-0004,2026-09-05,U0004,/products
L1-5-0005,2026-09-05,U0005,/contact
L1-5-0006,2026-09-05,U0006,/home
L1-5-0007,2026-09-05,U0007,/pricing
L1-5-0008,2026-09-05,U0008,/docs
L1-5-0009,2026-09-05,U0009,/products
L1-5-0010,2026-09-05,U0010,/contact
L1-5-0011,2026-09-05,U0011,/home
L1-5-0012,2026-09-05,U0012,/pricing
L1-5-0013,2026-09-05,U0013,/docs
L1-5-0014,2026-09-05,U0014,/products
L1-5-0015,2026-09-05,U0015,/contact
L1-5-0016,2026-09-05,U0016,/home
L1-5-0017,2026-09-05,U0017,/pricing
L1-5-0018,2026-09-05,U0018,/docs
L1-5-0019,2026-09-05,U0019,/products
L1-5-0020,2026-09-05,U0020,/contact
L1-5-0021,2026-09-05,U0021,/home
L1-5-0022,2026-09-05,U0022,/pricing
L1-5-0023,2026-09-05,U0023,/docs
L1-5-0024,2026-09-05,U0024,/products
L1-5-0025,2026-09-05,U0025,/contact
L1-5-0026,2026-09-05,U0026,/home
L1-5-0027,2026-09-05,U0027,/pricing
L1-5-0028,2026-09-05,U0028,/docs
L1-5-0029,2026-09-05,U0029,/products
L1-5-0030,2026-09-05,U0030,/contact
L1-5-0031,2026-09-05,U0031,/home
L1-5-0032,2026-09-05,U0032,/pricing
L1-5-0033,2026-09-05,U0033,/docs
L1-5-0034,2026-09-05,U0034,/products
L1-5-0035,2026-09-05,U0035,/contact
L1-5-0036,2026-09-05,U0036,/home
L1-5-0037,2026-09-05,U0037,/pricing
L1-5-0038,2026-09-05,U0038,/docs
L1-5-0039,2026-09-05,U0039,/products
L1-5-0040,2026-09-05,U0040,/contact
L1-5-0041,2026-09-05,U0041,/home
L1-5-0042,2026-09-05,U0042,/pricing
L1-5-0043,2026-09-05,U0043,/docs
L1-5-0044,2026-09-05,U0044,/products
L1-5-0045,2026-09-05,U0045,/contact
L1-5-0046,2026-09-05,U0046,/home
L1-5-0047,2026-09-05,U0047,/pricing
L1-5-0048,2026-09-05,U0048,/docs
L1-5-0049,2026-09-05,U0049,/products
L1-5-0050,2026-09-05,U0050,/contact
L1-5-0051,2026-09-05,U0051,/home
L1-5-0052,2026-09-05,U0052,/pricing
L1-5-0053,2026-09-05,U0053,/docs
L1-5-0054,2026-09-05,U0054,/products
L1-5-0055,2026-09-05,U0055,/contact
L1-5-0056,2026-09-05,U0056,/home
L1-5-0057,2026-09-05,U0057,/pricing
L1-5-0058,2026-09-05,U0058,/docs
L1-5-0059,2026-09-05,U0059,/products
L1-5-0060,2026-09-05,U0060,/contact
L1-5-0061,2026-09-05,U0061,/home
L1-5-0062,2026-09-05,U0062,/pricing
L1-5-0063,2026-09-05,U0063,/docs
L1-5-0064,2026-09-05,U0064,/products
L1-5-0065,2026-09-05,U0065,/contact
L1-5-0066,2026-09-05,U0066,/home
L1-5-0067,2026-09-05,U0067,/pricing
L1-5-0068,2026-09-05,U0068,/docs
L1-5-0069,2026-09-05,U0069,/products
L1-5-0070,2026-09-05,U0070,/contact
L1-5-0071,2026-09-05,U0071,/home
L1-5-0072,2026-09-05,U0072,/pricing
L1-5-0073,2026-09-05,U0073,/docs
L1-5-0074,2026-09-05,U0074,/products
L1-5-0075,2026-09-05,U0075,/contact
L1-5-0076,2026-09-05,U0076,/home
L1-5-0077,2026-09-05,U0077,/pricing
L1-5-0078,2026-09-05,U0078,/docs
L1-5-0079,2026-09-05,U0079,/products
L1-5-0080,2026-09-05,U0080,/contact
L1-5-0081,2026-09-05,U0081,/home
L1-5-0082,2026-09-05,U0082,/pricing
L1-5-0083,2026-09-05,U0083,/docs
L1-5-0084,2026-09-05,U0084,/products
L1-5-0085,2026-09-05,U0085,/contact
L1-5-0086,2026-09-05,U0086,/home
L1-5-0087,2026-09-05,U0087,/pricing
L1-5-0088,2026-09-05,U0088,/docs
L1-5-0089,2026-09-05,U0089,/products
L1-5-0090,2026-09-05,U0090,/contact
L1-5-0091,2026-09-05,U0091,/home
L1-5-0092,2026-09-05,U0092,/pricing
L1-5-0093,2026-09-05,U0093,/docs
L1-5-0094,2026-09-05,U0094,/products
L1-5-0095,2026-09-05,U0095,/contact
L1-5-0096,2026-09-05,U0096,/home
L1-5-0097,2026-09-05,U0097,/pricing
L1-5-0098,2026-09-05,U0098,/docs
L1-5-0099,2026-09-05,U0099,/products
L1-5-0100,2026-09-05,U0100,/contact
L1-5-0101,2026-09-05,U0101,/home
L1-5-0102,2026-09-05,U0102,/pricing
L1-5-0103,2026-09-05,U0103,/docs
L1-5-0104,2026-09-05,U0104,/products
L1-5-0105,2026-09-05,U0105,/contact
L1-5-0106,2026-09-05,U0106,/home
L1-5-0107,2026-09-05,U0107,/pricing
L1-5-0108,2026-09-05,U0108,/docs
L1-5-0109,2026-09-05,U0109,/products
L1-5-0110,2026-09-05,U0110,/contact
L1-5-0111,2026-09-05,U0111,/home
L1-5-0112,2026-09-05,U0112,/pricing
L1-5-0113,2026-09-05,U0113,/docs
L1-5-0114,2026-09-05,U0114,/products
L1-5-0115,2026-09-05,U0115,/contact
L1-5-0116,2026-09-05,U0116,/home
L1-5-0117,2026-09-05,U0117,/pricing
L1-5-0118,2026-09-05,U0118,/docs
L1-5-0119,2026-09-05,U0119,/products
L1-5-0120,2026-09-05,U0120,/contact
L1-5-0121,2026-09-05,U0121,/home
L1-5-0122,2026-09-05,U0122,/pricing
L1-5-0123,2026-09-05,U0123,/docs
L1-5-0124,2026-09-05,U0124,/products
L1-5-0125,2026-09-05,U0125,/contact
L1-5-0126,2026-09-05,U0126,/home
L1-5-0127,2026-09-05,U0127,/pricing
L1-5-0128,2026-09-05,U0128,/docs
L1-5-0129,2026-09-05,U0129,/products
L1-5-0130,2026-09-05,U0130,/contact
L1-5-0131,2026-09-05,U0131,/home
L1-5-0132,2026-09-05,U0132,/pricing
L1-5-0133,2026-09-05,U0133,/docs
L1-5-0134,2026-09-05,U0134,/products
L1-5-0135,2026-09-05,U0135,/contact
L1-5-0136,2026-09-05,U0136,/home
L1-5-0137,2026-09-05,U0137,/pricing
L1-5-0138,2026-09-05,U0138,/docs
L1-5-0139,2026-09-05,U0139,/products
L1-5-0140,2026-09-05,U0140,/contact
L1-5-0141,2026-09-05,U0141,/home
L1-5-0142,2026-09-05,U0142,/pricing
L1-5-0143,2026-09-05,U0143,/docs
L1-5-0144,2026-09-05,U0144,/products
L1-5-0145,2026-09-05,U0145,/contact
L1-5-0146,2026-09-05,U0146,/home
L1-5-0147,2026-09-05,U0147,/pricing
L1-5-0148,2026-09-05,U0148,/docs
L1-5-0149,2026-09-05,U0149,/products
L1-5-0150,2026-09-05,U0150,/contact
L1-5-0151,2026-09-05,U0151,/home
L1-5-0152,2026-09-05,U0152,/pricing
L1-5-0153,2026-09-05,U0153,/docs
L1-5-0154,2026-09-05,U0154,/products
L1-5-0155,2026-09-05,U0155,/contact
L1-5-0156,2026-09-05,U0156,/home
L1-5-0157,2026-09-05,U0157,/pricing
L1-5-0158,2026-09-05,U0158,/docs
L1-5-0159,2026-09-05,U0159,/products
L1-5-0160,2026-09-05,U0160,/contact
L1-5-0161,2026-09-05,U0161,/home
L1-5-0162,2026-09-05,U0162,/pricing
L1-5-0163,2026-09-05,U0163,/docs
L1-5-0164,2026-09-05,U0164,/products
L1-5-0165,2026-09-05,U0165,/contact
L1-5-0166,2026-09-05,U0166,/home
L1-5-0167,2026-09-05,U0167,/pricing
L1-5-0168,2026-09-05,U0168,/docs
L1-5-0169,2026-09-05,U0169,/products
L1-5-0170,2026-09-05,U0170,/contact
L1-5-0171,2026-09-05,U0171,/home
L1-5-0172,2026-09-05,U0172,/pricing
L1-5-0173,2026-09-05,U0173,/docs
L1-5-0174,2026-09-05,U0174,/products
L1-5-0175,2026-09-05,U0175,/contact
L1-5-0176,2026-09-05,U0176,/home
L1-5-0177,2026-09-05,U0177,/pricing
L1-5-0178,2026-09-05,U0178,/docs
L1-5-0179,2026-09-05,U0179,/products
L1-5-0180,2026-09-05,U0180,/contact
L1-5-0181,2026-09-05,U0181,/home
L1-5-0182,2026-09-05,U0182,/pricing
L1-5-0183,2026-09-05,U0183,/docs
L1-5-0184,2026-09-05,U0184,/products
L1-5-0185,2026-09-05,U0185,/contact
L1-5-0186,2026-09-05,U0186,/home
L1-5-0187,2026-09-05,U0187,/pricing
L1-5-0188,2026-09-05,U0188,/docs
L1-5-0189,2026-09-05,U0189,/products
L1-5-0190,2026-09-05,U0190,/contact
L1-5-0191,2026-09-05,U0191,/home
L1-5-0192,2026-09-05,U0192,/pricing
L1-5-0193,2026-09-05,U0193,/docs
L1-5-0194,2026-09-05,U0194,/products
L1-5-0195,2026-09-05,U0195,/contact
L1-5-0196,2026-09-05,U0196,/home
L1-5-0197,2026-09-05,U0197,/pricing
L1-5-0198,2026-09-05,U0198,/docs
L1-5-0199,2026-09-05,U0199,/products
L1-5-0200,2026-09-05,U0200,/contact
L1-5-0201,2026-09-05,U0201,/home
L1-5-0202,2026-09-05,U0202,/pricing
L1-5-0203,2026-09-05,U0203,/docs
L1-5-0204,2026-09-05,U0204,/products
L1-5-0205,2026-09-05,U0205,/contact
L1-5-0206,2026-09-05,U0206,/home
L1-5-0207,2026-09-05,U0207,/pricing
L1-5-0208,2026-09-05,U0208,/docs
L1-5-0209,2026-09-05,U0209,/products
L1-5-0210,2026-09-05,U0210,/contact
L1-5-0211,2026-09-05,U0211,/home
L1-5-0212,2026-09-05,U0212,/pricing
L1-5-0213,2026-09-05,U0213,/docs
L1-5-0214,2026-09-05,U0214,/products
L1-5-0215,2026-09-05,U0215,/contact
L1-5-0216,2026-09-05,U0216,/home
L1-5-0217,2026-09-05,U0217,/pricing
L1-5-0218,2026-09-05,U0218,/docs
L1-5-0219,2026-09-05,U0219,/products
L1-5-0220,2026-09-05,U0220,/contact
L1-5-0221,2026-09-05,U0221,/home
L1-5-0222,2026-09-05,U0222,/pricing
L1-5-0223,2026-09-05,U0223,/docs
L1-5-0224,2026-09-05,U0224,/products
L1-5-0225,2026-09-05,U0225,/contact
L1-5-0226,2026-09-05,U0226,/home
L1-5-0227,2026-09-05,U0227,/pricing
L1-5-0228,2026-09-05,U0228,/docs
L1-5-0229,2026-09-05,U0229,/products
L1-5-0230,2026-09-05,U0230,/contact
L1-5-0231,2026-09-05,U0231,/home
L1-5-0232,2026-09-05,U0232,/pricing
L1-5-0233,2026-09-05,U0233,/docs
L1-5-0234,2026-09-05,U0234,/products
L1-5-0235,2026-09-05,U0235,/contact
L1-5-0236,2026-09-05,U0236,/home
L1-5-0237,2026-09-05,U0237,/pricing
L1-5-0238,2026-09-05,U0238,/docs
L1-5-0239,2026-09-05,U0239,/products
L1-5-0240,2026-09-05,U0240,/contact
L1-5-0241,2026-09-05,U0241,/home
L1-5-0242,2026-09-05,U0242,/pricing
L1-5-0243,2026-09-05,U0243,/docs
L1-5-0244,2026-09-05,U0244,/products
L1-5-0245,2026-09-05,U0245,/contact
L1-5-0246,2026-09-05,U0246,/home
L1-5-0247,2026-09-05,U0247,/pricing
L1-5-0248,2026-09-05,U0248,/docs
L1-5-0249,2026-09-05,U0249,/products
L1-5-0250,2026-09-05,U0250,/contact
L1-5-0251,2026-09-05,U0251,/home
L1-5-0252,2026-09-05,U0252,/pricing
L1-5-0253,2026-09-05,U0253,/docs
L1-5-0254,2026-09-05,U0254,/products
L1-5-0255,2026-09-05,U0255,/contact
L1-5-0256,2026-09-05,U0256,/home
L1-5-0257,2026-09-05,U0257,/pricing
L1-5-0258,2026-09-05,U0258,/docs
L1-5-0259,2026-09-05,U0259,/products
L1-5-0260,2026-09-05,U0260,/contact
L1-5-0261,2026-09-05,U0261,/home
L1-5-0262,2026-09-05,U0262,/pricing
L1-5-0263,2026-09-05,U0263,/docs
L1-5-0264,2026-09-05,U0264,/products
L1-5-0265,2026-09-05,U0265,/contact
L1-5-0266,2026-09-05,U0266,/home
L1-5-0267,2026-09-05,U0267,/pricing
L1-5-0268,2026-09-05,U0268,/docs
L1-5-0269,2026-09-05,U0269,/products
L1-5-0270,2026-09-05,U0270,/contact
L1-5-0271,2026-09-05,U0271,/home
L1-5-0272,2026-09-05,U0272,/pricing
L1-5-0273,2026-09-05,U0273,/docs
L1-5-0274,2026-09-05,U0274,/products
L1-5-0275,2026-09-05,U0275,/contact
L1-5-0276,2026-09-05,U0276,/home
L1-5-0277,2026-09-05,U0277,/pricing
L1-5-0278,2026-09-05,U0278,/docs
L1-5-0279,2026-09-05,U0279,/products
L1-5-0280,2026-09-05,U0280,/contact
L1-5-0281,2026-09-05,U0001,/home
L1-5-0282,2026-09-05,U0002,/pricing
L1-5-0283,2026-09-05,U0003,/docs
L1-5-0284,2026-09-05,U0004,/products
L1-5-0285,2026-09-05,U0005,/contact
L1-5-0286,2026-09-05,U0006,/home
L1-5-0287,2026-09-05,U0007,/pricing
L1-5-0288,2026-09-05,U0008,/docs
L1-5-0289,2026-09-05,U0009,/products
L1-5-0290,2026-09-05,U0010,/contact
L1-5-0291,2026-09-05,U0011,/home
L1-5-0292,2026-09-05,U0012,/pricing
L1-5-0293,2026-09-05,U0013,/docs
L1-5-0294,2026-09-05,U0014,/products
L1-5-0295,2026-09-05,U0015,/contact
L1-5-0296,2026-09-05,U0016,/home
L1-5-0297,2026-09-05,U0017,/pricing
L1-5-0298,2026-09-05,U0018,/docs
L1-5-0299,2026-09-05,U0019,/products
L1-5-0300,2026-09-05,U0020,/contact
L1-5-0301,2026-09-05,U0021,/home
L1-5-0302,2026-09-05,U0022,/pricing
L1-5-0303,2026-09-05,U0023,/docs
L1-5-0304,2026-09-05,U0024,/products
L1-5-0305,2026-09-05,U0025,/contact
L1-5-0306,2026-09-05,U0026,/home
L1-5-0307,2026-09-05,U0027,/pricing
L1-5-0308,2026-09-05,U0028,/docs
L1-5-0309,2026-09-05,U0029,/products
L1-5-0310,2026-09-05,U0030,/contact
L1-5-0311,2026-09-05,U0031,/home
L1-5-0312,2026-09-05,U0032,/pricing
L1-5-0313,2026-09-05,U0033,/docs
L1-5-0314,2026-09-05,U0034,/products
L1-5-0315,2026-09-05,U0035,/contact
L1-5-0316,2026-09-05,U0036,/home
L1-5-0317,2026-09-05,U0037,/pricing
L1-5-0318,2026-09-05,U0038,/docs
L1-5-0319,2026-09-05,U0039,/products
L1-5-0320,2026-09-05,U0040,/contact
L1-5-0321,2026-09-05,U0041,/home
L1-5-0322,2026-09-05,U0042,/pricing
L1-5-0323,2026-09-05,U0043,/docs
L1-5-0324,2026-09-05,U0044,/products
L1-5-0325,2026-09-05,U0045,/contact
L1-5-0326,2026-09-05,U0046,/home
L1-5-0327,2026-09-05,U0047,/pricing
L1-5-0328,2026-09-05,U0048,/docs
L1-5-0329,2026-09-05,U0049,/products
L1-5-0330,2026-09-05,U0050,/contact
L1-5-0331,2026-09-05,U0051,/home
L1-5-0332,2026-09-05,U0052,/pricing
L1-5-0333,2026-09-05,U0053,/docs
L1-5-0334,2026-09-05,U0054,/products
L1-5-0335,2026-09-05,U0055,/contact
L1-5-0336,2026-09-05,U0056,/home
L1-5-0337,2026-09-05,U0057,/pricing
L1-5-0338,2026-09-05,U0058,/docs
L1-5-0339,2026-09-05,U0059,/products
L1-5-0340,2026-09-05,U0060,/contact
L1-5-0341,2026-09-05,U0061,/home
L1-5-0342,2026-09-05,U0062,/pricing
L1-5-0343,2026-09-05,U0063,/docs
L1-5-0344,2026-09-05,U0064,/products
L1-5-0345,2026-09-05,U0065,/contact
L1-5-0346,2026-09-05,U0066,/home
L1-5-0347,2026-09-05,U0067,/pricing
L1-5-0348,2026-09-05,U0068,/docs
L1-5-0349,2026-09-05,U0069,/products
L1-5-0350,2026-09-05,U0070,/contact
L1-5-0351,2026-09-05,U0071,/home
L1-5-0352,2026-09-05,U0072,/pricing
L1-5-0353,2026-09-05,U0073,/docs
L1-5-0354,2026-09-05,U0074,/products
L1-5-0355,2026-09-05,U0075,/contact
L1-5-0356,2026-09-05,U0076,/home
L1-5-0357,2026-09-05,U0077,/pricing
L1-5-0358,2026-09-05,U0078,/docs
L1-5-0359,2026-09-05,U0079,/products
L1-5-0360,2026-09-05,U0080,/contact
L1-5-0361,2026-09-05,U0081,/home
L1-5-0362,2026-09-05,U0082,/pricing
L1-5-0363,2026-09-05,U0083,/docs
L1-5-0364,2026-09-05,U0084,/products
L1-5-0365,2026-09-05,U0085,/contact
L1-5-0366,2026-09-05,U0086,/home
L1-5-0367,2026-09-05,U0087,/pricing
L1-5-0368,2026-09-05,U0088,/docs
L1-5-0369,2026-09-05,U0089,/products
L1-5-0370,2026-09-05,U0090,/contact
L1-5-0371,2026-09-05,U0091,/home
L1-5-0372,2026-09-05,U0092,/pricing
L1-5-0373,2026-09-05,U0093,/docs
L1-5-0374,2026-09-05,U0094,/products
L1-5-0375,2026-09-05,U0095,/contact
L1-5-0376,2026-09-05,U0096,/home
L1-5-0377,2026-09-05,U0097,/pricing
L1-5-0378,2026-09-05,U0098,/docs
L1-5-0379,2026-09-05,U0099,/products
L1-5-0380,2026-09-05,U0100,/contact
L1-5-0381,2026-09-05,U0101,/home
L1-5-0382,2026-09-05,U0102,/pricing
L1-5-0383,2026-09-05,U0103,/docs
L1-5-0384,2026-09-05,U0104,/products
L1-5-0385,2026-09-05,U0105,/contact
L1-5-0386,2026-09-05,U0106,/home
L1-5-0387,2026-09-05,U0107,/pricing
L1-5-0388,2026-09-05,U0108,/docs
L1-5-0389,2026-09-05,U0109,/products
L1-5-0390,2026-09-05,U0110,/contact
L1-5-0391,2026-09-05,U0111,/home
L1-5-0392,2026-09-05,U0112,/pricing
L1-5-0393,2026-09-05,U0113,/docs
L1-5-0394,2026-09-05,U0114,/products
L1-5-0395,2026-09-05,U0115,/contact
L1-5-0396,2026-09-05,U0116,/home
L1-5-0397,2026-09-05,U0117,/pricing
L1-5-0398,2026-09-05,U0118,/docs
L1-5-0399,2026-09-05,U0119,/products
L1-5-0400,2026-09-05,U0120,/contact
L1-5-0401,2026-09-05,U0121,/home
L1-5-0402,2026-09-05,U0122,/pricing
L1-5-0403,2026-09-05,U0123,/docs
L1-5-0404,2026-09-05,U0124,/products
L1-5-0405,2026-09-05,U0125,/contact
L1-5-0406,2026-09-05,U0126,/home
L1-5-0407,2026-09-05,U0127,/pricing
L1-5-0408,2026-09-05,U0128,/docs
L1-5-0409,2026-09-05,U0129,/products
L1-5-0410,2026-09-05,U0130,/contact
L1-5-0411,2026-09-05,U0131,/home
L1-5-0412,2026-09-05,U0132,/pricing
L1-5-0413,2026-09-05,U0133,/docs
L1-5-0414,2026-09-05,U0134,/products
L1-5-0415,2026-09-05,U0135,/contact
L1-5-0416,2026-09-05,U0136,/home
L1-5-0417,2026-09-05,U0137,/pricing
L1-5-0418,2026-09-05,U0138,/docs
L1-5-0419,2026-09-05,U0139,/products
L1-5-0420,2026-09-05,U0140,/contact
L1-5-0421,2026-09-05,U0141,/home
L1-5-0422,2026-09-05,U0142,/pricing
L1-5-0423,2026-09-05,U0143,/docs
L1-5-0424,2026-09-05,U0144,/products
L1-5-0425,2026-09-05,U0145,/contact
L1-5-0426,2026-09-05,U0146,/home
L1-5-0427,2026-09-05,U0147,/pricing
L1-5-0428,2026-09-05,U0148,/docs
L1-5-0429,2026-09-05,U0149,/products
L1-5-0430,2026-09-05,U0150,/contact
L1-5-0431,2026-09-05,U0151,/home
L1-5-0432,2026-09-05,U0152,/pricing
L1-5-0433,2026-09-05,U0153,/docs
L1-5-0434,2026-09-05,U0154,/products
L1-5-0435,2026-09-05,U0155,/contact
L1-5-0436,2026-09-05,U0156,/home
L1-5-0437,2026-09-05,U0157,/pricing
L1-5-0438,2026-09-05,U0158,/docs
L1-5-0439,2026-09-05,U0159,/products
L1-5-0440,2026-09-05,U0160,/contact
L1-5-0441,2026-09-05,U0161,/home
L1-5-0442,2026-09-05,U0162,/pricing
L1-5-0443,2026-09-05,U0163,/docs
L1-5-0444,2026-09-05,U0164,/products
L1-5-0445,2026-09-05,U0165,/contact
L1-5-0446,2026-09-05,U0166,/home
L1-5-0447,2026-09-05,U0167,/pricing
L1-5-0448,2026-09-05,U0168,/docs
L1-5-0449,2026-09-05,U0169,/products
L1-5-0450,2026-09-05,U0170,/contact
L1-5-0451,2026-09-05,U0171,/home
L1-5-0452,2026-09-05,U0172,/pricing
L1-5-0453,2026-09-05,U0173,/docs
L1-5-0454,2026-09-05,U0174,/products
L1-5-0455,2026-09-05,U0175,/contact
L1-5-0456,2026-09-05,U0176,/home
L1-5-0457,2026-09-05,U0177,/pricing
L1-5-0458,2026-09-05,U0178,/docs
L1-5-0459,2026-09-05,U0179,/products
L1-5-0460,2026-09-05,U0180,/contact
L1-5-0461,2026-09-05,U0181,/home
L1-5-0462,2026-09-05,U0182,/pricing
L1-5-0463,2026-09-05,U0183,/docs
L1-5-0464,2026-09-05,U0184,/products
L1-5-0465,2026-09-05,U0185,/contact
L1-5-0466,2026-09-05,U0186,/home
L1-5-0467,2026-09-05,U0187,/pricing
L1-5-0468,2026-09-05,U0188,/docs
L1-5-0469,2026-09-05,U0189,/products
L1-5-0470,2026-09-05,U0190,/contact
L1-5-0471,2026-09-05,U0191,/home
L1-5-0472,2026-09-05,U0192,/pricing
L1-5-0473,2026-09-05,U0193,/docs
L1-5-0474,2026-09-05,U0194,/products
L1-5-0475,2026-09-05,U0195,/contact
L1-5-0476,2026-09-05,U0196,/home
L1-5-0477,2026-09-05,U0197,/pricing
L1-5-0478,2026-09-05,U0198,/docs
L1-5-0479,2026-09-05,U0199,/products
L1-5-0480,2026-09-05,U0200,/contact
L1-5-0481,2026-09-05,U0201,/home
L1-5-0482,2026-09-05,U0202,/pricing
L1-5-0483,2026-09-05,U0203,/docs
L1-5-0484,2026-09-05,U0204,/products
L1-5-0485,2026-09-05,U0205,/contact
L1-5-0486,2026-09-05,U0206,/home
L1-5-0487,2026-09-05,U0207,/pricing
L1-5-0488,2026-09-05,U0208,/docs
L1-5-0489,2026-09-05,U0209,/products
L1-5-0490,2026-09-05,U0210,/contact
L1-5-0491,2026-09-05,U0211,/home
L1-5-0492,2026-09-05,U0212,/pricing
L1-5-0493,2026-09-05,U0213,/docs
L1-5-0494,2026-09-05,U0214,/products
L1-5-0495,2026-09-05,U0215,/contact
L1-5-0496,2026-09-05,U0216,/home
L1-5-0497,2026-09-05,U0217,/pricing
L1-5-0498,2026-09-05,U0218,/docs
L1-5-0499,2026-09-05,U0219,/products
L1-5-0500,2026-09-05,U0220,/contact
L1-5-0501,2026-09-05,U0221,/home
L1-5-0502,2026-09-05,U0222,/pricing
L1-5-0503,2026-09-05,U0223,/docs
L1-5-0504,2026-09-05,U0224,/products
L1-5-0505,2026-09-05,U0225,/contact
L1-5-0506,2026-09-05,U0226,/home
L1-5-0507,2026-09-05,U0227,/pricing
L1-5-0508,2026-09-05,U0228,/docs
L1-5-0509,2026-09-05,U0229,/products
L1-5-0510,2026-09-05,U0230,/contact
L1-5-0511,2026-09-05,U0231,/home
L1-5-0512,2026-09-05,U0232,/pricing
L1-5-0513,2026-09-05,U0233,/docs
L1-5-0514,2026-09-05,U0234,/products
L1-5-0515,2026-09-05,U0235,/contact
L1-5-0516,2026-09-05,U0236,/home
L1-5-0517,2026-09-05,U0237,/pricing
L1-5-0518,2026-09-05,U0238,/docs
L1-5-0519,2026-09-05,U0239,/products
L1-5-0520,2026-09-05,U0240,/contact
L1-5-0521,2026-09-05,U0241,/home
L1-5-0522,2026-09-05,U0242,/pricing
L1-5-0523,2026-09-05,U0243,/docs
L1-5-0524,2026-09-05,U0244,/products
L1-5-0525,2026-09-05,U0245,/contact
L1-5-0526,2026-09-05,U0246,/home
L1-5-0527,2026-09-05,U0247,/pricing
L1-5-0528,2026-09-05,U0248,/docs
L1-5-0529,2026-09-05,U0249,/products
L1-5-0530,2026-09-05,U0250,/contact
L1-5-0531,2026-09-05,U0251,/home
L1-5-0532,2026-09-05,U0252,/pricing
L1-5-0533,2026-09-05,U0253,/docs
L1-5-0534,2026-09-05,U0254,/products
L1-5-0535,2026-09-05,U0255,/contact
L1-5-0536,2026-09-05,U0256,/home
L1-5-0537,2026-09-05,U0257,/pricing
L1-5-0538,2026-09-05,U0258,/docs
L1-5-0539,2026-09-05,U0259,/products
L1-5-0540,2026-09-05,U0260,/contact
L1-5-0541,2026-09-05,U0261,/home
L1-5-0542,2026-09-05,U0262,/pricing
L1-5-0543,2026-09-05,U0263,/docs
L1-5-0544,2026-09-05,U0264,/products
L1-5-0545,2026-09-05,U0265,/contact
L1-5-0546,2026-09-05,U0266,/home
L1-5-0547,2026-09-05,U0267,/pricing
L1-5-0548,2026-09-05,U0268,/docs
L1-5-0549,2026-09-05,U0269,/products
L1-5-0550,2026-09-05,U0270,/contact
L1-5-0551,2026-09-05,U0271,/home
L1-5-0552,2026-09-05,U0272,/pricing
L1-5-0553,2026-09-05,U0273,/docs
L1-5-0554,2026-09-05,U0274,/products
L1-5-0555,2026-09-05,U0275,/contact
L1-5-0556,2026-09-05,U0276,/home
L1-5-0557,2026-09-05,U0277,/pricing
L1-5-0558,2026-09-05,U0278,/docs
L1-5-0559,2026-09-05,U0279,/products
L1-5-0560,2026-09-05,U0280,/contact
L1-5-0561,2026-09-05,U0001,/home
L1-5-0562,2026-09-05,U0002,/pricing
L1-5-0563,2026-09-05,U0003,/docs
L1-5-0564,2026-09-05,U0004,/products
L1-5-0565,2026-09-05,U0005,/contact
L1-5-0566,2026-09-05,U0006,/home
L1-5-0567,2026-09-05,U0007,/pricing
L1-5-0568,2026-09-05,U0008,/docs
L1-5-0569,2026-09-05,U0009,/products
L1-5-0570,2026-09-05,U0010,/contact
L1-5-0571,2026-09-05,U0011,/home
L1-5-0572,2026-09-05,U0012,/pricing
L1-5-0573,2026-09-05,U0013,/docs
L1-5-0574,2026-09-05,U0014,/products
L1-5-0575,2026-09-05,U0015,/contact
L1-5-0576,2026-09-05,U0016,/home
L1-5-0577,2026-09-05,U0017,/pricing
L1-5-0578,2026-09-05,U0018,/docs
L1-5-0579,2026-09-05,U0019,/products
L1-5-0580,2026-09-05,U0020,/contact
L1-5-0581,2026-09-05,U0021,/home
L1-5-0582,2026-09-05,U0022,/pricing
L1-5-0583,2026-09-05,U0023,/docs
L1-5-0584,2026-09-05,U0024,/products
L1-5-0585,2026-09-05,U0025,/contact
L1-5-0586,2026-09-05,U0026,/home
L1-5-0587,2026-09-05,U0027,/pricing
L1-5-0588,2026-09-05,U0028,/docs
L1-5-0589,2026-09-05,U0029,/products
L1-5-0590,2026-09-05,U0030,/contact
L1-5-0591,2026-09-05,U0031,/home
L1-5-0592,2026-09-05,U0032,/pricing
L1-5-0593,2026-09-05,U0033,/docs
L1-5-0594,2026-09-05,U0034,/products
L1-5-0595,2026-09-05,U0035,/contact
L1-5-0596,2026-09-05,U0036,/home
L1-5-0597,2026-09-05,U0037,/pricing
L1-5-0598,2026-09-05,U0038,/docs
L1-5-0599,2026-09-05,U0039,/products
L1-5-0600,2026-09-05,U0040,/contact
L1-6-0001,2026-09-06,U0001,/pricing
L1-6-0002,2026-09-06,U0002,/docs
L1-6-0003,2026-09-06,U0003,/products
L1-6-0004,2026-09-06,U0004,/contact
L1-6-0005,2026-09-06,U0005,/home
L1-6-0006,2026-09-06,U0006,/pricing
L1-6-0007,2026-09-06,U0007,/docs
L1-6-0008,2026-09-06,U0008,/products
L1-6-0009,2026-09-06,U0009,/contact
L1-6-0010,2026-09-06,U0010,/home
L1-6-0011,2026-09-06,U0011,/pricing
L1-6-0012,2026-09-06,U0012,/docs
L1-6-0013,2026-09-06,U0013,/products
L1-6-0014,2026-09-06,U0014,/contact
L1-6-0015,2026-09-06,U0015,/home
L1-6-0016,2026-09-06,U0016,/pricing
L1-6-0017,2026-09-06,U0017,/docs
L1-6-0018,2026-09-06,U0018,/products
L1-6-0019,2026-09-06,U0019,/contact
L1-6-0020,2026-09-06,U0020,/home
L1-6-0021,2026-09-06,U0021,/pricing
L1-6-0022,2026-09-06,U0022,/docs
L1-6-0023,2026-09-06,U0023,/products
L1-6-0024,2026-09-06,U0024,/contact
L1-6-0025,2026-09-06,U0025,/home
L1-6-0026,2026-09-06,U0026,/pricing
L1-6-0027,2026-09-06,U0027,/docs
L1-6-0028,2026-09-06,U0028,/products
L1-6-0029,2026-09-06,U0029,/contact
L1-6-0030,2026-09-06,U0030,/home
L1-6-0031,2026-09-06,U0031,/pricing
L1-6-0032,2026-09-06,U0032,/docs
L1-6-0033,2026-09-06,U0033,/products
L1-6-0034,2026-09-06,U0034,/contact
L1-6-0035,2026-09-06,U0035,/home
L1-6-0036,2026-09-06,U0036,/pricing
L1-6-0037,2026-09-06,U0037,/docs
L1-6-0038,2026-09-06,U0038,/products
L1-6-0039,2026-09-06,U0039,/contact
L1-6-0040,2026-09-06,U0040,/home
L1-6-0041,2026-09-06,U0041,/pricing
L1-6-0042,2026-09-06,U0042,/docs
L1-6-0043,2026-09-06,U0043,/products
L1-6-0044,2026-09-06,U0044,/contact
L1-6-0045,2026-09-06,U0045,/home
L1-6-0046,2026-09-06,U0046,/pricing
L1-6-0047,2026-09-06,U0047,/docs
L1-6-0048,2026-09-06,U0048,/products
L1-6-0049,2026-09-06,U0049,/contact
L1-6-0050,2026-09-06,U0050,/home
L1-6-0051,2026-09-06,U0051,/pricing
L1-6-0052,2026-09-06,U0052,/docs
L1-6-0053,2026-09-06,U0053,/products
L1-6-0054,2026-09-06,U0054,/contact
L1-6-0055,2026-09-06,U0055,/home
L1-6-0056,2026-09-06,U0056,/pricing
L1-6-0057,2026-09-06,U0057,/docs
L1-6-0058,2026-09-06,U0058,/products
L1-6-0059,2026-09-06,U0059,/contact
L1-6-0060,2026-09-06,U0060,/home
L1-6-0061,2026-09-06,U0061,/pricing
L1-6-0062,2026-09-06,U0062,/docs
L1-6-0063,2026-09-06,U0063,/products
L1-6-0064,2026-09-06,U0064,/contact
L1-6-0065,2026-09-06,U0065,/home
L1-6-0066,2026-09-06,U0066,/pricing
L1-6-0067,2026-09-06,U0067,/docs
L1-6-0068,2026-09-06,U0068,/products
L1-6-0069,2026-09-06,U0069,/contact
L1-6-0070,2026-09-06,U0070,/home
L1-6-0071,2026-09-06,U0071,/pricing
L1-6-0072,2026-09-06,U0072,/docs
L1-6-0073,2026-09-06,U0073,/products
L1-6-0074,2026-09-06,U0074,/contact
L1-6-0075,2026-09-06,U0075,/home
L1-6-0076,2026-09-06,U0076,/pricing
L1-6-0077,2026-09-06,U0077,/docs
L1-6-0078,2026-09-06,U0078,/products
L1-6-0079,2026-09-06,U0079,/contact
L1-6-0080,2026-09-06,U0080,/home
L1-6-0081,2026-09-06,U0081,/pricing
L1-6-0082,2026-09-06,U0082,/docs
L1-6-0083,2026-09-06,U0083,/products
L1-6-0084,2026-09-06,U0084,/contact
L1-6-0085,2026-09-06,U0085,/home
L1-6-0086,2026-09-06,U0086,/pricing
L1-6-0087,2026-09-06,U0087,/docs
L1-6-0088,2026-09-06,U0088,/products
L1-6-0089,2026-09-06,U0089,/contact
L1-6-0090,2026-09-06,U0090,/home
L1-6-0091,2026-09-06,U0091,/pricing
L1-6-0092,2026-09-06,U0092,/docs
L1-6-0093,2026-09-06,U0093,/products
L1-6-0094,2026-09-06,U0094,/contact
L1-6-0095,2026-09-06,U0095,/home
L1-6-0096,2026-09-06,U0096,/pricing
L1-6-0097,2026-09-06,U0097,/docs
L1-6-0098,2026-09-06,U0098,/products
L1-6-0099,2026-09-06,U0099,/contact
L1-6-0100,2026-09-06,U0100,/home
L1-6-0101,2026-09-06,U0101,/pricing
L1-6-0102,2026-09-06,U0102,/docs
L1-6-0103,2026-09-06,U0103,/products
L1-6-0104,2026-09-06,U0104,/contact
L1-6-0105,2026-09-06,U0105,/home
L1-6-0106,2026-09-06,U0106,/pricing
L1-6-0107,2026-09-06,U0107,/docs
L1-6-0108,2026-09-06,U0108,/products
L1-6-0109,2026-09-06,U0109,/contact
L1-6-0110,2026-09-06,U0110,/home
L1-6-0111,2026-09-06,U0111,/pricing
L1-6-0112,2026-09-06,U0112,/docs
L1-6-0113,2026-09-06,U0113,/products
L1-6-0114,2026-09-06,U0114,/contact
L1-6-0115,2026-09-06,U0115,/home
L1-6-0116,2026-09-06,U0116,/pricing
L1-6-0117,2026-09-06,U0117,/docs
L1-6-0118,2026-09-06,U0118,/products
L1-6-0119,2026-09-06,U0119,/contact
L1-6-0120,2026-09-06,U0120,/home
L1-6-0121,2026-09-06,U0121,/pricing
L1-6-0122,2026-09-06,U0122,/docs
L1-6-0123,2026-09-06,U0123,/products
L1-6-0124,2026-09-06,U0124,/contact
L1-6-0125,2026-09-06,U0125,/home
L1-6-0126,2026-09-06,U0126,/pricing
L1-6-0127,2026-09-06,U0127,/docs
L1-6-0128,2026-09-06,U0128,/products
L1-6-0129,2026-09-06,U0129,/contact
L1-6-0130,2026-09-06,U0130,/home
L1-6-0131,2026-09-06,U0131,/pricing
L1-6-0132,2026-09-06,U0132,/docs
L1-6-0133,2026-09-06,U0133,/products
L1-6-0134,2026-09-06,U0134,/contact
L1-6-0135,2026-09-06,U0135,/home
L1-6-0136,2026-09-06,U0136,/pricing
L1-6-0137,2026-09-06,U0137,/docs
L1-6-0138,2026-09-06,U0138,/products
L1-6-0139,2026-09-06,U0139,/contact
L1-6-0140,2026-09-06,U0140,/home
L1-6-0141,2026-09-06,U0141,/pricing
L1-6-0142,2026-09-06,U0142,/docs
L1-6-0143,2026-09-06,U0143,/products
L1-6-0144,2026-09-06,U0144,/contact
L1-6-0145,2026-09-06,U0145,/home
L1-6-0146,2026-09-06,U0146,/pricing
L1-6-0147,2026-09-06,U0147,/docs
L1-6-0148,2026-09-06,U0148,/products
L1-6-0149,2026-09-06,U0149,/contact
L1-6-0150,2026-09-06,U0150,/home
L1-6-0151,2026-09-06,U0151,/pricing
L1-6-0152,2026-09-06,U0152,/docs
L1-6-0153,2026-09-06,U0153,/products
L1-6-0154,2026-09-06,U0154,/contact
L1-6-0155,2026-09-06,U0155,/home
L1-6-0156,2026-09-06,U0156,/pricing
L1-6-0157,2026-09-06,U0157,/docs
L1-6-0158,2026-09-06,U0158,/products
L1-6-0159,2026-09-06,U0159,/contact
L1-6-0160,2026-09-06,U0160,/home
L1-6-0161,2026-09-06,U0161,/pricing
L1-6-0162,2026-09-06,U0162,/docs
L1-6-0163,2026-09-06,U0163,/products
L1-6-0164,2026-09-06,U0164,/contact
L1-6-0165,2026-09-06,U0165,/home
L1-6-0166,2026-09-06,U0166,/pricing
L1-6-0167,2026-09-06,U0167,/docs
L1-6-0168,2026-09-06,U0168,/products
L1-6-0169,2026-09-06,U0169,/contact
L1-6-0170,2026-09-06,U0170,/home
L1-6-0171,2026-09-06,U0171,/pricing
L1-6-0172,2026-09-06,U0172,/docs
L1-6-0173,2026-09-06,U0173,/products
L1-6-0174,2026-09-06,U0174,/contact
L1-6-0175,2026-09-06,U0175,/home
L1-6-0176,2026-09-06,U0176,/pricing
L1-6-0177,2026-09-06,U0177,/docs
L1-6-0178,2026-09-06,U0178,/products
L1-6-0179,2026-09-06,U0179,/contact
L1-6-0180,2026-09-06,U0180,/home
L1-6-0181,2026-09-06,U0181,/pricing
L1-6-0182,2026-09-06,U0182,/docs
L1-6-0183,2026-09-06,U0183,/products
L1-6-0184,2026-09-06,U0184,/contact
L1-6-0185,2026-09-06,U0185,/home
L1-6-0186,2026-09-06,U0186,/pricing
L1-6-0187,2026-09-06,U0187,/docs
L1-6-0188,2026-09-06,U0188,/products
L1-6-0189,2026-09-06,U0189,/contact
L1-6-0190,2026-09-06,U0190,/home
L1-6-0191,2026-09-06,U0191,/pricing
L1-6-0192,2026-09-06,U0192,/docs
L1-6-0193,2026-09-06,U0193,/products
L1-6-0194,2026-09-06,U0194,/contact
L1-6-0195,2026-09-06,U0195,/home
L1-6-0196,2026-09-06,U0196,/pricing
L1-6-0197,2026-09-06,U0197,/docs
L1-6-0198,2026-09-06,U0198,/products
L1-6-0199,2026-09-06,U0199,/contact
L1-6-0200,2026-09-06,U0200,/home
L1-6-0201,2026-09-06,U0201,/pricing
L1-6-0202,2026-09-06,U0202,/docs
L1-6-0203,2026-09-06,U0203,/products
L1-6-0204,2026-09-06,U0204,/contact
L1-6-0205,2026-09-06,U0205,/home
L1-6-0206,2026-09-06,U0206,/pricing
L1-6-0207,2026-09-06,U0207,/docs
L1-6-0208,2026-09-06,U0208,/products
L1-6-0209,2026-09-06,U0209,/contact
L1-6-0210,2026-09-06,U0210,/home
L1-6-0211,2026-09-06,U0211,/pricing
L1-6-0212,2026-09-06,U0212,/docs
L1-6-0213,2026-09-06,U0213,/products
L1-6-0214,2026-09-06,U0214,/contact
L1-6-0215,2026-09-06,U0215,/home
L1-6-0216,2026-09-06,U0216,/pricing
L1-6-0217,2026-09-06,U0217,/docs
L1-6-0218,2026-09-06,U0218,/products
L1-6-0219,2026-09-06,U0219,/contact
L1-6-0220,2026-09-06,U0220,/home
L1-6-0221,2026-09-06,U0221,/pricing
L1-6-0222,2026-09-06,U0222,/docs
L1-6-0223,2026-09-06,U0223,/products
L1-6-0224,2026-09-06,U0224,/contact
L1-6-0225,2026-09-06,U0225,/home
L1-6-0226,2026-09-06,U0226,/pricing
L1-6-0227,2026-09-06,U0227,/docs
L1-6-0228,2026-09-06,U0228,/products
L1-6-0229,2026-09-06,U0229,/contact
L1-6-0230,2026-09-06,U0230,/home
L1-6-0231,2026-09-06,U0231,/pricing
L1-6-0232,2026-09-06,U0232,/docs
L1-6-0233,2026-09-06,U0233,/products
L1-6-0234,2026-09-06,U0234,/contact
L1-6-0235,2026-09-06,U0235,/home
L1-6-0236,2026-09-06,U0236,/pricing
L1-6-0237,2026-09-06,U0237,/docs
L1-6-0238,2026-09-06,U0238,/products
L1-6-0239,2026-09-06,U0239,/contact
L1-6-0240,2026-09-06,U0240,/home
L1-6-0241,2026-09-06,U0241,/pricing
L1-6-0242,2026-09-06,U0242,/docs
L1-6-0243,2026-09-06,U0243,/products
L1-6-0244,2026-09-06,U0244,/contact
L1-6-0245,2026-09-06,U0245,/home
L1-6-0246,2026-09-06,U0246,/pricing
L1-6-0247,2026-09-06,U0247,/docs
L1-6-0248,2026-09-06,U0248,/products
L1-6-0249,2026-09-06,U0249,/contact
L1-6-0250,2026-09-06,U0250,/home
L1-6-0251,2026-09-06,U0251,/pricing
L1-6-0252,2026-09-06,U0252,/docs
L1-6-0253,2026-09-06,U0253,/products
L1-6-0254,2026-09-06,U0254,/contact
L1-6-0255,2026-09-06,U0255,/home
L1-6-0256,2026-09-06,U0256,/pricing
L1-6-0257,2026-09-06,U0257,/docs
L1-6-0258,2026-09-06,U0258,/products
L1-6-0259,2026-09-06,U0259,/contact
L1-6-0260,2026-09-06,U0260,/home
L1-6-0261,2026-09-06,U0261,/pricing
L1-6-0262,2026-09-06,U0262,/docs
L1-6-0263,2026-09-06,U0263,/products
L1-6-0264,2026-09-06,U0264,/contact
L1-6-0265,2026-09-06,U0265,/home
L1-6-0266,2026-09-06,U0266,/pricing
L1-6-0267,2026-09-06,U0267,/docs
L1-6-0268,2026-09-06,U0268,/products
L1-6-0269,2026-09-06,U0269,/contact
L1-6-0270,2026-09-06,U0270,/home
L1-6-0271,2026-09-06,U0271,/pricing
L1-6-0272,2026-09-06,U0272,/docs
L1-6-0273,2026-09-06,U0273,/products
L1-6-0274,2026-09-06,U0274,/contact
L1-6-0275,2026-09-06,U0275,/home
L1-6-0276,2026-09-06,U0276,/pricing
L1-6-0277,2026-09-06,U0277,/docs
L1-6-0278,2026-09-06,U0278,/products
L1-6-0279,2026-09-06,U0279,/contact
L1-6-0280,2026-09-06,U0280,/home
L1-6-0281,2026-09-06,U0281,/pricing
L1-6-0282,2026-09-06,U0282,/docs
L1-6-0283,2026-09-06,U0283,/products
L1-6-0284,2026-09-06,U0284,/contact
L1-6-0285,2026-09-06,U0285,/home
L1-6-0286,2026-09-06,U0286,/pricing
L1-6-0287,2026-09-06,U0287,/docs
L1-6-0288,2026-09-06,U0288,/products
L1-6-0289,2026-09-06,U0289,/contact
L1-6-0290,2026-09-06,U0290,/home
L1-6-0291,2026-09-06,U0291,/pricing
L1-6-0292,2026-09-06,U0292,/docs
L1-6-0293,2026-09-06,U0293,/products
L1-6-0294,2026-09-06,U0294,/contact
L1-6-0295,2026-09-06,U0295,/home
L1-6-0296,2026-09-06,U0296,/pricing
L1-6-0297,2026-09-06,U0297,/docs
L1-6-0298,2026-09-06,U0298,/products
L1-6-0299,2026-09-06,U0299,/contact
L1-6-0300,2026-09-06,U0300,/home
L1-6-0301,2026-09-06,U0301,/pricing
L1-6-0302,2026-09-06,U0302,/docs
L1-6-0303,2026-09-06,U0303,/products
L1-6-0304,2026-09-06,U0304,/contact
L1-6-0305,2026-09-06,U0305,/home
L1-6-0306,2026-09-06,U0306,/pricing
L1-6-0307,2026-09-06,U0307,/docs
L1-6-0308,2026-09-06,U0308,/products
L1-6-0309,2026-09-06,U0309,/contact
L1-6-0310,2026-09-06,U0310,/home
L1-6-0311,2026-09-06,U0311,/pricing
L1-6-0312,2026-09-06,U0312,/docs
L1-6-0313,2026-09-06,U0313,/products
L1-6-0314,2026-09-06,U0314,/contact
L1-6-0315,2026-09-06,U0315,/home
L1-6-0316,2026-09-06,U0316,/pricing
L1-6-0317,2026-09-06,U0317,/docs
L1-6-0318,2026-09-06,U0318,/products
L1-6-0319,2026-09-06,U0319,/contact
L1-6-0320,2026-09-06,U0320,/home
L1-6-0321,2026-09-06,U0321,/pricing
L1-6-0322,2026-09-06,U0322,/docs
L1-6-0323,2026-09-06,U0323,/products
L1-6-0324,2026-09-06,U0324,/contact
L1-6-0325,2026-09-06,U0325,/home
L1-6-0326,2026-09-06,U0326,/pricing
L1-6-0327,2026-09-06,U0327,/docs
L1-6-0328,2026-09-06,U0328,/products
L1-6-0329,2026-09-06,U0329,/contact
L1-6-0330,2026-09-06,U0330,/home
L1-6-0331,2026-09-06,U0331,/pricing
L1-6-0332,2026-09-06,U0332,/docs
L1-6-0333,2026-09-06,U0333,/products
L1-6-0334,2026-09-06,U0334,/contact
L1-6-0335,2026-09-06,U0335,/home
L1-6-0336,2026-09-06,U0336,/pricing
L1-6-0337,2026-09-06,U0337,/docs
L1-6-0338,2026-09-06,U0338,/products
L1-6-0339,2026-09-06,U0339,/contact
L1-6-0340,2026-09-06,U0340,/home
L1-6-0341,2026-09-06,U0341,/pricing
L1-6-0342,2026-09-06,U0342,/docs
L1-6-0343,2026-09-06,U0343,/products
L1-6-0344,2026-09-06,U0344,/contact
L1-6-0345,2026-09-06,U0345,/home
L1-6-0346,2026-09-06,U0346,/pricing
L1-6-0347,2026-09-06,U0347,/docs
L1-6-0348,2026-09-06,U0348,/products
L1-6-0349,2026-09-06,U0349,/contact
L1-6-0350,2026-09-06,U0350,/home
L1-6-0351,2026-09-06,U0351,/pricing
L1-6-0352,2026-09-06,U0352,/docs
L1-6-0353,2026-09-06,U0353,/products
L1-6-0354,2026-09-06,U0354,/contact
L1-6-0355,2026-09-06,U0355,/home
L1-6-0356,2026-09-06,U0356,/pricing
L1-6-0357,2026-09-06,U0357,/docs
L1-6-0358,2026-09-06,U0358,/products
L1-6-0359,2026-09-06,U0359,/contact
L1-6-0360,2026-09-06,U0360,/home
L1-6-0361,2026-09-06,U0361,/pricing
L1-6-0362,2026-09-06,U0362,/docs
L1-6-0363,2026-09-06,U0363,/products
L1-6-0364,2026-09-06,U0364,/contact
L1-6-0365,2026-09-06,U0365,/home
L1-6-0366,2026-09-06,U0366,/pricing
L1-6-0367,2026-09-06,U0367,/docs
L1-6-0368,2026-09-06,U0368,/products
L1-6-0369,2026-09-06,U0369,/contact
L1-6-0370,2026-09-06,U0370,/home
L1-6-0371,2026-09-06,U0371,/pricing
L1-6-0372,2026-09-06,U0372,/docs
L1-6-0373,2026-09-06,U0373,/products
L1-6-0374,2026-09-06,U0374,/contact
L1-6-0375,2026-09-06,U0375,/home
L1-6-0376,2026-09-06,U0376,/pricing
L1-6-0377,2026-09-06,U0377,/docs
L1-6-0378,2026-09-06,U0378,/products
L1-6-0379,2026-09-06,U0379,/contact
L1-6-0380,2026-09-06,U0380,/home
L1-6-0381,2026-09-06,U0381,/pricing
L1-6-0382,2026-09-06,U0382,/docs
L1-6-0383,2026-09-06,U0383,/products
L1-6-0384,2026-09-06,U0384,/contact
L1-6-0385,2026-09-06,U0385,/home
L1-6-0386,2026-09-06,U0386,/pricing
L1-6-0387,2026-09-06,U0387,/docs
L1-6-0388,2026-09-06,U0388,/products
L1-6-0389,2026-09-06,U0389,/contact
L1-6-0390,2026-09-06,U0390,/home
L1-6-0391,2026-09-06,U0391,/pricing
L1-6-0392,2026-09-06,U0392,/docs
L1-6-0393,2026-09-06,U0393,/products
L1-6-0394,2026-09-06,U0394,/contact
L1-6-0395,2026-09-06,U0395,/home
L1-6-0396,2026-09-06,U0396,/pricing
L1-6-0397,2026-09-06,U0397,/docs
L1-6-0398,2026-09-06,U0398,/products
L1-6-0399,2026-09-06,U0399,/contact
L1-6-0400,2026-09-06,U0400,/home
L1-6-0401,2026-09-06,U0401,/pricing
L1-6-0402,2026-09-06,U0402,/docs
L1-6-0403,2026-09-06,U0403,/products
L1-6-0404,2026-09-06,U0404,/contact
L1-6-0405,2026-09-06,U0405,/home
L1-6-0406,2026-09-06,U0406,/pricing
L1-6-0407,2026-09-06,U0407,/docs
L1-6-0408,2026-09-06,U0408,/products
L1-6-0409,2026-09-06,U0409,/contact
L1-6-0410,2026-09-06,U0410,/home
L1-6-0411,2026-09-06,U0411,/pricing
L1-6-0412,2026-09-06,U0412,/docs
L1-6-0413,2026-09-06,U0413,/products
L1-6-0414,2026-09-06,U0414,/contact
L1-6-0415,2026-09-06,U0415,/home
L1-6-0416,2026-09-06,U0416,/pricing
L1-6-0417,2026-09-06,U0417,/docs
L1-6-0418,2026-09-06,U0418,/products
L1-6-0419,2026-09-06,U0419,/contact
L1-6-0420,2026-09-06,U0420,/home
L1-6-0421,2026-09-06,U0421,/pricing
L1-6-0422,2026-09-06,U0422,/docs
L1-6-0423,2026-09-06,U0423,/products
L1-6-0424,2026-09-06,U0424,/contact
L1-6-0425,2026-09-06,U0425,/home
L1-6-0426,2026-09-06,U0426,/pricing
L1-6-0427,2026-09-06,U0427,/docs
L1-6-0428,2026-09-06,U0428,/products
L1-6-0429,2026-09-06,U0429,/contact
L1-6-0430,2026-09-06,U0430,/home
L1-6-0431,2026-09-06,U0431,/pricing
L1-6-0432,2026-09-06,U0432,/docs
L1-6-0433,2026-09-06,U0433,/products
L1-6-0434,2026-09-06,U0434,/contact
L1-6-0435,2026-09-06,U0435,/home
L1-6-0436,2026-09-06,U0436,/pricing
L1-6-0437,2026-09-06,U0437,/docs
L1-6-0438,2026-09-06,U0438,/products
L1-6-0439,2026-09-06,U0439,/contact
L1-6-0440,2026-09-06,U0440,/home
L1-6-0441,2026-09-06,U0441,/pricing
L1-6-0442,2026-09-06,U0442,/docs
L1-6-0443,2026-09-06,U0443,/products
L1-6-0444,2026-09-06,U0444,/contact
L1-6-0445,2026-09-06,U0445,/home
L1-6-0446,2026-09-06,U0446,/pricing
L1-6-0447,2026-09-06,U0447,/docs
L1-6-0448,2026-09-06,U0448,/products
L1-6-0449,2026-09-06,U0449,/contact
L1-6-0450,2026-09-06,U0450,/home
L1-6-0451,2026-09-06,U0451,/pricing
L1-6-0452,2026-09-06,U0452,/docs
L1-6-0453,2026-09-06,U0453,/products
L1-6-0454,2026-09-06,U0454,/contact
L1-6-0455,2026-09-06,U0455,/home
L1-6-0456,2026-09-06,U0456,/pricing
L1-6-0457,2026-09-06,U0457,/docs
L1-6-0458,2026-09-06,U0458,/products
L1-6-0459,2026-09-06,U0459,/contact
L1-6-0460,2026-09-06,U0460,/home
L1-6-0461,2026-09-06,U0461,/pricing
L1-6-0462,2026-09-06,U0462,/docs
L1-6-0463,2026-09-06,U0463,/products
L1-6-0464,2026-09-06,U0464,/contact
L1-6-0465,2026-09-06,U0465,/home
L1-6-0466,2026-09-06,U0466,/pricing
L1-6-0467,2026-09-06,U0467,/docs
L1-6-0468,2026-09-06,U0468,/products
L1-6-0469,2026-09-06,U0469,/contact
L1-6-0470,2026-09-06,U0470,/home
L1-6-0471,2026-09-06,U0471,/pricing
L1-6-0472,2026-09-06,U0472,/docs
L1-6-0473,2026-09-06,U0473,/products
L1-6-0474,2026-09-06,U0474,/contact
L1-6-0475,2026-09-06,U0475,/home
L1-6-0476,2026-09-06,U0476,/pricing
L1-6-0477,2026-09-06,U0477,/docs
L1-6-0478,2026-09-06,U0478,/products
L1-6-0479,2026-09-06,U0479,/contact
L1-6-0480,2026-09-06,U0480,/home
L1-6-0481,2026-09-06,U0481,/pricing
L1-6-0482,2026-09-06,U0482,/docs
L1-6-0483,2026-09-06,U0483,/products
L1-6-0484,2026-09-06,U0484,/contact
L1-6-0485,2026-09-06,U0485,/home
L1-6-0486,2026-09-06,U0486,/pricing
L1-6-0487,2026-09-06,U0487,/docs
L1-6-0488,2026-09-06,U0488,/products
L1-6-0489,2026-09-06,U0489,/contact
L1-6-0490,2026-09-06,U0490,/home
L1-6-0491,2026-09-06,U0491,/pricing
L1-6-0492,2026-09-06,U0492,/docs
L1-6-0493,2026-09-06,U0493,/products
L1-6-0494,2026-09-06,U0494,/contact
L1-6-0495,2026-09-06,U0495,/home
L1-6-0496,2026-09-06,U0496,/pricing
L1-6-0497,2026-09-06,U0497,/docs
L1-6-0498,2026-09-06,U0498,/products
L1-6-0499,2026-09-06,U0499,/contact
L1-6-0500,2026-09-06,U0500,/home
L1-6-0501,2026-09-06,U0001,/pricing
L1-6-0502,2026-09-06,U0002,/docs
L1-6-0503,2026-09-06,U0003,/products
L1-6-0504,2026-09-06,U0004,/contact
L1-6-0505,2026-09-06,U0005,/home
L1-6-0506,2026-09-06,U0006,/pricing
L1-6-0507,2026-09-06,U0007,/docs
L1-6-0508,2026-09-06,U0008,/products
L1-6-0509,2026-09-06,U0009,/contact
L1-6-0510,2026-09-06,U0010,/home
L1-6-0511,2026-09-06,U0011,/pricing
L1-6-0512,2026-09-06,U0012,/docs
L1-6-0513,2026-09-06,U0013,/products
L1-6-0514,2026-09-06,U0014,/contact
L1-6-0515,2026-09-06,U0015,/home
L1-6-0516,2026-09-06,U0016,/pricing
L1-6-0517,2026-09-06,U0017,/docs
L1-6-0518,2026-09-06,U0018,/products
L1-6-0519,2026-09-06,U0019,/contact
L1-6-0520,2026-09-06,U0020,/home
L1-6-0521,2026-09-06,U0021,/pricing
L1-6-0522,2026-09-06,U0022,/docs
L1-6-0523,2026-09-06,U0023,/products
L1-6-0524,2026-09-06,U0024,/contact
L1-6-0525,2026-09-06,U0025,/home
L1-6-0526,2026-09-06,U0026,/pricing
L1-6-0527,2026-09-06,U0027,/docs
L1-6-0528,2026-09-06,U0028,/products
L1-6-0529,2026-09-06,U0029,/contact
L1-6-0530,2026-09-06,U0030,/home
L1-6-0531,2026-09-06,U0031,/pricing
L1-6-0532,2026-09-06,U0032,/docs
L1-6-0533,2026-09-06,U0033,/products
L1-6-0534,2026-09-06,U0034,/contact
L1-6-0535,2026-09-06,U0035,/home
L1-6-0536,2026-09-06,U0036,/pricing
L1-6-0537,2026-09-06,U0037,/docs
L1-6-0538,2026-09-06,U0038,/products
L1-6-0539,2026-09-06,U0039,/contact
L1-6-0540,2026-09-06,U0040,/home
L1-6-0541,2026-09-06,U0041,/pricing
L1-6-0542,2026-09-06,U0042,/docs
L1-6-0543,2026-09-06,U0043,/products
L1-6-0544,2026-09-06,U0044,/contact
L1-6-0545,2026-09-06,U0045,/home
L1-6-0546,2026-09-06,U0046,/pricing
L1-6-0547,2026-09-06,U0047,/docs
L1-6-0548,2026-09-06,U0048,/products
L1-6-0549,2026-09-06,U0049,/contact
L1-6-0550,2026-09-06,U0050,/home
L1-6-0551,2026-09-06,U0051,/pricing
L1-6-0552,2026-09-06,U0052,/docs
L1-6-0553,2026-09-06,U0053,/products
L1-6-0554,2026-09-06,U0054,/contact
L1-6-0555,2026-09-06,U0055,/home
L1-6-0556,2026-09-06,U0056,/pricing
L1-6-0557,2026-09-06,U0057,/docs
L1-6-0558,2026-09-06,U0058,/products
L1-6-0559,2026-09-06,U0059,/contact
L1-6-0560,2026-09-06,U0060,/home
L1-6-0561,2026-09-06,U0061,/pricing
L1-6-0562,2026-09-06,U0062,/docs
L1-6-0563,2026-09-06,U0063,/products
L1-6-0564,2026-09-06,U0064,/contact
L1-6-0565,2026-09-06,U0065,/home
L1-6-0566,2026-09-06,U0066,/pricing
L1-6-0567,2026-09-06,U0067,/docs
L1-6-0568,2026-09-06,U0068,/products
L1-6-0569,2026-09-06,U0069,/contact
L1-6-0570,2026-09-06,U0070,/home
L1-6-0571,2026-09-06,U0071,/pricing
L1-6-0572,2026-09-06,U0072,/docs
L1-6-0573,2026-09-06,U0073,/products
L1-6-0574,2026-09-06,U0074,/contact
L1-6-0575,2026-09-06,U0075,/home
L1-6-0576,2026-09-06,U0076,/pricing
L1-6-0577,2026-09-06,U0077,/docs
L1-6-0578,2026-09-06,U0078,/products
L1-6-0579,2026-09-06,U0079,/contact
L1-6-0580,2026-09-06,U0080,/home
L1-6-0581,2026-09-06,U0081,/pricing
L1-6-0582,2026-09-06,U0082,/docs
L1-6-0583,2026-09-06,U0083,/products
L1-6-0584,2026-09-06,U0084,/contact
L1-6-0585,2026-09-06,U0085,/home
L1-6-0586,2026-09-06,U0086,/pricing
L1-6-0587,2026-09-06,U0087,/docs
L1-6-0588,2026-09-06,U0088,/products
L1-6-0589,2026-09-06,U0089,/contact
L1-6-0590,2026-09-06,U0090,/home
L1-6-0591,2026-09-06,U0091,/pricing
L1-6-0592,2026-09-06,U0092,/docs
L1-6-0593,2026-09-06,U0093,/products
L1-6-0594,2026-09-06,U0094,/contact
L1-6-0595,2026-09-06,U0095,/home
L1-6-0596,2026-09-06,U0096,/pricing
L1-6-0597,2026-09-06,U0097,/docs
L1-6-0598,2026-09-06,U0098,/products
L1-6-0599,2026-09-06,U0099,/contact
L1-6-0600,2026-09-06,U0100,/home
L1-7-0001,2026-09-07,U0001,/docs
L1-7-0002,2026-09-07,U0002,/products
L1-7-0003,2026-09-07,U0003,/contact
L1-7-0004,2026-09-07,U0004,/home
L1-7-0005,2026-09-07,U0005,/pricing
L1-7-0006,2026-09-07,U0006,/docs
L1-7-0007,2026-09-07,U0007,/products
L1-7-0008,2026-09-07,U0008,/contact
L1-7-0009,2026-09-07,U0009,/home
L1-7-0010,2026-09-07,U0010,/pricing
L1-7-0011,2026-09-07,U0011,/docs
L1-7-0012,2026-09-07,U0012,/products
L1-7-0013,2026-09-07,U0013,/contact
L1-7-0014,2026-09-07,U0014,/home
L1-7-0015,2026-09-07,U0015,/pricing
L1-7-0016,2026-09-07,U0016,/docs
L1-7-0017,2026-09-07,U0017,/products
L1-7-0018,2026-09-07,U0018,/contact
L1-7-0019,2026-09-07,U0019,/home
L1-7-0020,2026-09-07,U0020,/pricing
L1-7-0021,2026-09-07,U0021,/docs
L1-7-0022,2026-09-07,U0022,/products
L1-7-0023,2026-09-07,U0023,/contact
L1-7-0024,2026-09-07,U0024,/home
L1-7-0025,2026-09-07,U0025,/pricing
L1-7-0026,2026-09-07,U0026,/docs
L1-7-0027,2026-09-07,U0027,/products
L1-7-0028,2026-09-07,U0028,/contact
L1-7-0029,2026-09-07,U0029,/home
L1-7-0030,2026-09-07,U0030,/pricing
L1-7-0031,2026-09-07,U0031,/docs
L1-7-0032,2026-09-07,U0032,/products
L1-7-0033,2026-09-07,U0033,/contact
L1-7-0034,2026-09-07,U0034,/home
L1-7-0035,2026-09-07,U0035,/pricing
L1-7-0036,2026-09-07,U0036,/docs
L1-7-0037,2026-09-07,U0037,/products
L1-7-0038,2026-09-07,U0038,/contact
L1-7-0039,2026-09-07,U0039,/home
L1-7-0040,2026-09-07,U0040,/pricing
L1-7-0041,2026-09-07,U0041,/docs
L1-7-0042,2026-09-07,U0042,/products
L1-7-0043,2026-09-07,U0043,/contact
L1-7-0044,2026-09-07,U0044,/home
L1-7-0045,2026-09-07,U0045,/pricing
L1-7-0046,2026-09-07,U0046,/docs
L1-7-0047,2026-09-07,U0047,/products
L1-7-0048,2026-09-07,U0048,/contact
L1-7-0049,2026-09-07,U0049,/home
L1-7-0050,2026-09-07,U0050,/pricing
L1-7-0051,2026-09-07,U0051,/docs
L1-7-0052,2026-09-07,U0052,/products
L1-7-0053,2026-09-07,U0053,/contact
L1-7-0054,2026-09-07,U0054,/home
L1-7-0055,2026-09-07,U0055,/pricing
L1-7-0056,2026-09-07,U0056,/docs
L1-7-0057,2026-09-07,U0057,/products
L1-7-0058,2026-09-07,U0058,/contact
L1-7-0059,2026-09-07,U0059,/home
L1-7-0060,2026-09-07,U0060,/pricing
L1-7-0061,2026-09-07,U0061,/docs
L1-7-0062,2026-09-07,U0062,/products
L1-7-0063,2026-09-07,U0063,/contact
L1-7-0064,2026-09-07,U0064,/home
L1-7-0065,2026-09-07,U0065,/pricing
L1-7-0066,2026-09-07,U0066,/docs
L1-7-0067,2026-09-07,U0067,/products
L1-7-0068,2026-09-07,U0068,/contact
L1-7-0069,2026-09-07,U0069,/home
L1-7-0070,2026-09-07,U0070,/pricing
L1-7-0071,2026-09-07,U0071,/docs
L1-7-0072,2026-09-07,U0072,/products
L1-7-0073,2026-09-07,U0073,/contact
L1-7-0074,2026-09-07,U0074,/home
L1-7-0075,2026-09-07,U0075,/pricing
L1-7-0076,2026-09-07,U0076,/docs
L1-7-0077,2026-09-07,U0077,/products
L1-7-0078,2026-09-07,U0078,/contact
L1-7-0079,2026-09-07,U0079,/home
L1-7-0080,2026-09-07,U0080,/pricing
L1-7-0081,2026-09-07,U0081,/docs
L1-7-0082,2026-09-07,U0082,/products
L1-7-0083,2026-09-07,U0083,/contact
L1-7-0084,2026-09-07,U0084,/home
L1-7-0085,2026-09-07,U0085,/pricing
L1-7-0086,2026-09-07,U0086,/docs
L1-7-0087,2026-09-07,U0087,/products
L1-7-0088,2026-09-07,U0088,/contact
L1-7-0089,2026-09-07,U0089,/home
L1-7-0090,2026-09-07,U0090,/pricing
L1-7-0091,2026-09-07,U0091,/docs
L1-7-0092,2026-09-07,U0092,/products
L1-7-0093,2026-09-07,U0093,/contact
L1-7-0094,2026-09-07,U0094,/home
L1-7-0095,2026-09-07,U0095,/pricing
L1-7-0096,2026-09-07,U0096,/docs
L1-7-0097,2026-09-07,U0097,/products
L1-7-0098,2026-09-07,U0098,/contact
L1-7-0099,2026-09-07,U0099,/home
L1-7-0100,2026-09-07,U0100,/pricing
L1-7-0101,2026-09-07,U0101,/docs
L1-7-0102,2026-09-07,U0102,/products
L1-7-0103,2026-09-07,U0103,/contact
L1-7-0104,2026-09-07,U0104,/home
L1-7-0105,2026-09-07,U0105,/pricing
L1-7-0106,2026-09-07,U0106,/docs
L1-7-0107,2026-09-07,U0107,/products
L1-7-0108,2026-09-07,U0108,/contact
L1-7-0109,2026-09-07,U0109,/home
L1-7-0110,2026-09-07,U0110,/pricing
L1-7-0111,2026-09-07,U0111,/docs
L1-7-0112,2026-09-07,U0112,/products
L1-7-0113,2026-09-07,U0113,/contact
L1-7-0114,2026-09-07,U0114,/home
L1-7-0115,2026-09-07,U0115,/pricing
L1-7-0116,2026-09-07,U0116,/docs
L1-7-0117,2026-09-07,U0117,/products
L1-7-0118,2026-09-07,U0118,/contact
L1-7-0119,2026-09-07,U0119,/home
L1-7-0120,2026-09-07,U0120,/pricing
L1-7-0121,2026-09-07,U0121,/docs
L1-7-0122,2026-09-07,U0122,/products
L1-7-0123,2026-09-07,U0123,/contact
L1-7-0124,2026-09-07,U0124,/home
L1-7-0125,2026-09-07,U0125,/pricing
L1-7-0126,2026-09-07,U0126,/docs
L1-7-0127,2026-09-07,U0127,/products
L1-7-0128,2026-09-07,U0128,/contact
L1-7-0129,2026-09-07,U0129,/home
L1-7-0130,2026-09-07,U0130,/pricing
L1-7-0131,2026-09-07,U0131,/docs
L1-7-0132,2026-09-07,U0132,/products
L1-7-0133,2026-09-07,U0133,/contact
L1-7-0134,2026-09-07,U0134,/home
L1-7-0135,2026-09-07,U0135,/pricing
L1-7-0136,2026-09-07,U0136,/docs
L1-7-0137,2026-09-07,U0137,/products
L1-7-0138,2026-09-07,U0138,/contact
L1-7-0139,2026-09-07,U0139,/home
L1-7-0140,2026-09-07,U0140,/pricing
L1-7-0141,2026-09-07,U0141,/docs
L1-7-0142,2026-09-07,U0142,/products
L1-7-0143,2026-09-07,U0143,/contact
L1-7-0144,2026-09-07,U0144,/home
L1-7-0145,2026-09-07,U0145,/pricing
L1-7-0146,2026-09-07,U0146,/docs
L1-7-0147,2026-09-07,U0147,/products
L1-7-0148,2026-09-07,U0148,/contact
L1-7-0149,2026-09-07,U0149,/home
L1-7-0150,2026-09-07,U0150,/pricing
L1-7-0151,2026-09-07,U0151,/docs
L1-7-0152,2026-09-07,U0152,/products
L1-7-0153,2026-09-07,U0153,/contact
L1-7-0154,2026-09-07,U0154,/home
L1-7-0155,2026-09-07,U0155,/pricing
L1-7-0156,2026-09-07,U0156,/docs
L1-7-0157,2026-09-07,U0157,/products
L1-7-0158,2026-09-07,U0158,/contact
L1-7-0159,2026-09-07,U0159,/home
L1-7-0160,2026-09-07,U0160,/pricing
L1-7-0161,2026-09-07,U0161,/docs
L1-7-0162,2026-09-07,U0162,/products
L1-7-0163,2026-09-07,U0163,/contact
L1-7-0164,2026-09-07,U0164,/home
L1-7-0165,2026-09-07,U0165,/pricing
L1-7-0166,2026-09-07,U0166,/docs
L1-7-0167,2026-09-07,U0167,/products
L1-7-0168,2026-09-07,U0168,/contact
L1-7-0169,2026-09-07,U0169,/home
L1-7-0170,2026-09-07,U0170,/pricing
L1-7-0171,2026-09-07,U0171,/docs
L1-7-0172,2026-09-07,U0172,/products
L1-7-0173,2026-09-07,U0173,/contact
L1-7-0174,2026-09-07,U0174,/home
L1-7-0175,2026-09-07,U0175,/pricing
L1-7-0176,2026-09-07,U0176,/docs
L1-7-0177,2026-09-07,U0177,/products
L1-7-0178,2026-09-07,U0178,/contact
L1-7-0179,2026-09-07,U0179,/home
L1-7-0180,2026-09-07,U0180,/pricing
L1-7-0181,2026-09-07,U0181,/docs
L1-7-0182,2026-09-07,U0182,/products
L1-7-0183,2026-09-07,U0183,/contact
L1-7-0184,2026-09-07,U0184,/home
L1-7-0185,2026-09-07,U0185,/pricing
L1-7-0186,2026-09-07,U0186,/docs
L1-7-0187,2026-09-07,U0187,/products
L1-7-0188,2026-09-07,U0188,/contact
L1-7-0189,2026-09-07,U0189,/home
L1-7-0190,2026-09-07,U0190,/pricing
L1-7-0191,2026-09-07,U0191,/docs
L1-7-0192,2026-09-07,U0192,/products
L1-7-0193,2026-09-07,U0193,/contact
L1-7-0194,2026-09-07,U0194,/home
L1-7-0195,2026-09-07,U0195,/pricing
L1-7-0196,2026-09-07,U0196,/docs
L1-7-0197,2026-09-07,U0197,/products
L1-7-0198,2026-09-07,U0198,/contact
L1-7-0199,2026-09-07,U0199,/home
L1-7-0200,2026-09-07,U0200,/pricing
L1-7-0201,2026-09-07,U0201,/docs
L1-7-0202,2026-09-07,U0202,/products
L1-7-0203,2026-09-07,U0203,/contact
L1-7-0204,2026-09-07,U0204,/home
L1-7-0205,2026-09-07,U0205,/pricing
L1-7-0206,2026-09-07,U0206,/docs
L1-7-0207,2026-09-07,U0207,/products
L1-7-0208,2026-09-07,U0208,/contact
L1-7-0209,2026-09-07,U0209,/home
L1-7-0210,2026-09-07,U0210,/pricing
L1-7-0211,2026-09-07,U0211,/docs
L1-7-0212,2026-09-07,U0212,/products
L1-7-0213,2026-09-07,U0213,/contact
L1-7-0214,2026-09-07,U0214,/home
L1-7-0215,2026-09-07,U0215,/pricing
L1-7-0216,2026-09-07,U0216,/docs
L1-7-0217,2026-09-07,U0217,/products
L1-7-0218,2026-09-07,U0218,/contact
L1-7-0219,2026-09-07,U0219,/home
L1-7-0220,2026-09-07,U0220,/pricing
L1-7-0221,2026-09-07,U0221,/docs
L1-7-0222,2026-09-07,U0222,/products
L1-7-0223,2026-09-07,U0223,/contact
L1-7-0224,2026-09-07,U0224,/home
L1-7-0225,2026-09-07,U0225,/pricing
L1-7-0226,2026-09-07,U0226,/docs
L1-7-0227,2026-09-07,U0227,/products
L1-7-0228,2026-09-07,U0228,/contact
L1-7-0229,2026-09-07,U0229,/home
L1-7-0230,2026-09-07,U0230,/pricing
L1-7-0231,2026-09-07,U0231,/docs
L1-7-0232,2026-09-07,U0232,/products
L1-7-0233,2026-09-07,U0233,/contact
L1-7-0234,2026-09-07,U0234,/home
L1-7-0235,2026-09-07,U0235,/pricing
L1-7-0236,2026-09-07,U0236,/docs
L1-7-0237,2026-09-07,U0237,/products
L1-7-0238,2026-09-07,U0238,/contact
L1-7-0239,2026-09-07,U0239,/home
L1-7-0240,2026-09-07,U0240,/pricing
L1-7-0241,2026-09-07,U0241,/docs
L1-7-0242,2026-09-07,U0242,/products
L1-7-0243,2026-09-07,U0243,/contact
L1-7-0244,2026-09-07,U0244,/home
L1-7-0245,2026-09-07,U0245,/pricing
L1-7-0246,2026-09-07,U0246,/docs
L1-7-0247,2026-09-07,U0247,/products
L1-7-0248,2026-09-07,U0248,/contact
L1-7-0249,2026-09-07,U0249,/home
L1-7-0250,2026-09-07,U0250,/pricing
L1-7-0251,2026-09-07,U0251,/docs
L1-7-0252,2026-09-07,U0252,/products
L1-7-0253,2026-09-07,U0253,/contact
L1-7-0254,2026-09-07,U0254,/home
L1-7-0255,2026-09-07,U0255,/pricing
L1-7-0256,2026-09-07,U0256,/docs
L1-7-0257,2026-09-07,U0257,/products
L1-7-0258,2026-09-07,U0258,/contact
L1-7-0259,2026-09-07,U0259,/home
L1-7-0260,2026-09-07,U0260,/pricing
L1-7-0261,2026-09-07,U0261,/docs
L1-7-0262,2026-09-07,U0262,/products
L1-7-0263,2026-09-07,U0263,/contact
L1-7-0264,2026-09-07,U0264,/home
L1-7-0265,2026-09-07,U0265,/pricing
L1-7-0266,2026-09-07,U0266,/docs
L1-7-0267,2026-09-07,U0267,/products
L1-7-0268,2026-09-07,U0268,/contact
L1-7-0269,2026-09-07,U0269,/home
L1-7-0270,2026-09-07,U0270,/pricing
L1-7-0271,2026-09-07,U0271,/docs
L1-7-0272,2026-09-07,U0272,/products
L1-7-0273,2026-09-07,U0273,/contact
L1-7-0274,2026-09-07,U0274,/home
L1-7-0275,2026-09-07,U0275,/pricing
L1-7-0276,2026-09-07,U0276,/docs
L1-7-0277,2026-09-07,U0277,/products
L1-7-0278,2026-09-07,U0278,/contact
L1-7-0279,2026-09-07,U0279,/home
L1-7-0280,2026-09-07,U0280,/pricing
L1-7-0281,2026-09-07,U0281,/docs
L1-7-0282,2026-09-07,U0282,/products
L1-7-0283,2026-09-07,U0283,/contact
L1-7-0284,2026-09-07,U0284,/home
L1-7-0285,2026-09-07,U0285,/pricing
L1-7-0286,2026-09-07,U0286,/docs
L1-7-0287,2026-09-07,U0287,/products
L1-7-0288,2026-09-07,U0288,/contact
L1-7-0289,2026-09-07,U0289,/home
L1-7-0290,2026-09-07,U0290,/pricing
L1-7-0291,2026-09-07,U0291,/docs
L1-7-0292,2026-09-07,U0292,/products
L1-7-0293,2026-09-07,U0293,/contact
L1-7-0294,2026-09-07,U0294,/home
L1-7-0295,2026-09-07,U0295,/pricing
L1-7-0296,2026-09-07,U0296,/docs
L1-7-0297,2026-09-07,U0297,/products
L1-7-0298,2026-09-07,U0298,/contact
L1-7-0299,2026-09-07,U0299,/home
L1-7-0300,2026-09-07,U0300,/pricing
L1-7-0301,2026-09-07,U0301,/docs
L1-7-0302,2026-09-07,U0302,/products
L1-7-0303,2026-09-07,U0303,/contact
L1-7-0304,2026-09-07,U0304,/home
L1-7-0305,2026-09-07,U0305,/pricing
L1-7-0306,2026-09-07,U0306,/docs
L1-7-0307,2026-09-07,U0307,/products
L1-7-0308,2026-09-07,U0308,/contact
L1-7-0309,2026-09-07,U0309,/home
L1-7-0310,2026-09-07,U0310,/pricing
L1-7-0311,2026-09-07,U0311,/docs
L1-7-0312,2026-09-07,U0312,/products
L1-7-0313,2026-09-07,U0313,/contact
L1-7-0314,2026-09-07,U0314,/home
L1-7-0315,2026-09-07,U0315,/pricing
L1-7-0316,2026-09-07,U0316,/docs
L1-7-0317,2026-09-07,U0317,/products
L1-7-0318,2026-09-07,U0318,/contact
L1-7-0319,2026-09-07,U0319,/home
L1-7-0320,2026-09-07,U0320,/pricing
L1-7-0321,2026-09-07,U0321,/docs
L1-7-0322,2026-09-07,U0322,/products
L1-7-0323,2026-09-07,U0323,/contact
L1-7-0324,2026-09-07,U0324,/home
L1-7-0325,2026-09-07,U0325,/pricing
L1-7-0326,2026-09-07,U0326,/docs
L1-7-0327,2026-09-07,U0327,/products
L1-7-0328,2026-09-07,U0328,/contact
L1-7-0329,2026-09-07,U0329,/home
L1-7-0330,2026-09-07,U0330,/pricing
L1-7-0331,2026-09-07,U0331,/docs
L1-7-0332,2026-09-07,U0332,/products
L1-7-0333,2026-09-07,U0333,/contact
L1-7-0334,2026-09-07,U0334,/home
L1-7-0335,2026-09-07,U0335,/pricing
L1-7-0336,2026-09-07,U0336,/docs
L1-7-0337,2026-09-07,U0337,/products
L1-7-0338,2026-09-07,U0338,/contact
L1-7-0339,2026-09-07,U0339,/home
L1-7-0340,2026-09-07,U0340,/pricing
L1-7-0341,2026-09-07,U0341,/docs
L1-7-0342,2026-09-07,U0342,/products
L1-7-0343,2026-09-07,U0343,/contact
L1-7-0344,2026-09-07,U0344,/home
L1-7-0345,2026-09-07,U0345,/pricing
L1-7-0346,2026-09-07,U0346,/docs
L1-7-0347,2026-09-07,U0347,/products
L1-7-0348,2026-09-07,U0348,/contact
L1-7-0349,2026-09-07,U0349,/home
L1-7-0350,2026-09-07,U0350,/pricing
L1-7-0351,2026-09-07,U0351,/docs
L1-7-0352,2026-09-07,U0352,/products
L1-7-0353,2026-09-07,U0353,/contact
L1-7-0354,2026-09-07,U0354,/home
L1-7-0355,2026-09-07,U0355,/pricing
L1-7-0356,2026-09-07,U0356,/docs
L1-7-0357,2026-09-07,U0357,/products
L1-7-0358,2026-09-07,U0358,/contact
L1-7-0359,2026-09-07,U0359,/home
L1-7-0360,2026-09-07,U0360,/pricing
L1-7-0361,2026-09-07,U0001,/docs
L1-7-0362,2026-09-07,U0002,/products
L1-7-0363,2026-09-07,U0003,/contact
L1-7-0364,2026-09-07,U0004,/home
L1-7-0365,2026-09-07,U0005,/pricing
L1-7-0366,2026-09-07,U0006,/docs
L1-7-0367,2026-09-07,U0007,/products
L1-7-0368,2026-09-07,U0008,/contact
L1-7-0369,2026-09-07,U0009,/home
L1-7-0370,2026-09-07,U0010,/pricing
L1-7-0371,2026-09-07,U0011,/docs
L1-7-0372,2026-09-07,U0012,/products
L1-7-0373,2026-09-07,U0013,/contact
L1-7-0374,2026-09-07,U0014,/home
L1-7-0375,2026-09-07,U0015,/pricing
L1-7-0376,2026-09-07,U0016,/docs
L1-7-0377,2026-09-07,U0017,/products
L1-7-0378,2026-09-07,U0018,/contact
L1-7-0379,2026-09-07,U0019,/home
L1-7-0380,2026-09-07,U0020,/pricing
L1-7-0381,2026-09-07,U0021,/docs
L1-7-0382,2026-09-07,U0022,/products
L1-7-0383,2026-09-07,U0023,/contact
L1-7-0384,2026-09-07,U0024,/home
L1-7-0385,2026-09-07,U0025,/pricing
L1-7-0386,2026-09-07,U0026,/docs
L1-7-0387,2026-09-07,U0027,/products
L1-7-0388,2026-09-07,U0028,/contact
L1-7-0389,2026-09-07,U0029,/home
L1-7-0390,2026-09-07,U0030,/pricing
L1-7-0391,2026-09-07,U0031,/docs
L1-7-0392,2026-09-07,U0032,/products
L1-7-0393,2026-09-07,U0033,/contact
L1-7-0394,2026-09-07,U0034,/home
L1-7-0395,2026-09-07,U0035,/pricing
L1-7-0396,2026-09-07,U0036,/docs
L1-7-0397,2026-09-07,U0037,/products
L1-7-0398,2026-09-07,U0038,/contact
L1-7-0399,2026-09-07,U0039,/home
L1-7-0400,2026-09-07,U0040,/pricing
L1-7-0401,2026-09-07,U0041,/docs
L1-7-0402,2026-09-07,U0042,/products
L1-7-0403,2026-09-07,U0043,/contact
L1-7-0404,2026-09-07,U0044,/home
L1-7-0405,2026-09-07,U0045,/pricing
L1-7-0406,2026-09-07,U0046,/docs
L1-7-0407,2026-09-07,U0047,/products
L1-7-0408,2026-09-07,U0048,/contact
L1-7-0409,2026-09-07,U0049,/home
L1-7-0410,2026-09-07,U0050,/pricing
L1-7-0411,2026-09-07,U0051,/docs
L1-7-0412,2026-09-07,U0052,/products
L1-7-0413,2026-09-07,U0053,/contact
L1-7-0414,2026-09-07,U0054,/home
L1-7-0415,2026-09-07,U0055,/pricing
L1-7-0416,2026-09-07,U0056,/docs
L1-7-0417,2026-09-07,U0057,/products
L1-7-0418,2026-09-07,U0058,/contact
L1-7-0419,2026-09-07,U0059,/home
L1-7-0420,2026-09-07,U0060,/pricing
L1-7-0421,2026-09-07,U0061,/docs
L1-7-0422,2026-09-07,U0062,/products
L1-7-0423,2026-09-07,U0063,/contact
L1-7-0424,2026-09-07,U0064,/home
L1-7-0425,2026-09-07,U0065,/pricing
L1-7-0426,2026-09-07,U0066,/docs
L1-7-0427,2026-09-07,U0067,/products
L1-7-0428,2026-09-07,U0068,/contact
L1-7-0429,2026-09-07,U0069,/home
L1-7-0430,2026-09-07,U0070,/pricing
L1-7-0431,2026-09-07,U0071,/docs
L1-7-0432,2026-09-07,U0072,/products
L1-7-0433,2026-09-07,U0073,/contact
L1-7-0434,2026-09-07,U0074,/home
L1-7-0435,2026-09-07,U0075,/pricing
L1-7-0436,2026-09-07,U0076,/docs
L1-7-0437,2026-09-07,U0077,/products
L1-7-0438,2026-09-07,U0078,/contact
L1-7-0439,2026-09-07,U0079,/home
L1-7-0440,2026-09-07,U0080,/pricing
L1-7-0441,2026-09-07,U0081,/docs
L1-7-0442,2026-09-07,U0082,/products
L1-7-0443,2026-09-07,U0083,/contact
L1-7-0444,2026-09-07,U0084,/home
L1-7-0445,2026-09-07,U0085,/pricing
L1-7-0446,2026-09-07,U0086,/docs
L1-7-0447,2026-09-07,U0087,/products
L1-7-0448,2026-09-07,U0088,/contact
L1-7-0449,2026-09-07,U0089,/home
L1-7-0450,2026-09-07,U0090,/pricing
L1-7-0451,2026-09-07,U0091,/docs
L1-7-0452,2026-09-07,U0092,/products
L1-7-0453,2026-09-07,U0093,/contact
L1-7-0454,2026-09-07,U0094,/home
L1-7-0455,2026-09-07,U0095,/pricing
L1-7-0456,2026-09-07,U0096,/docs
L1-7-0457,2026-09-07,U0097,/products
L1-7-0458,2026-09-07,U0098,/contact
L1-7-0459,2026-09-07,U0099,/home
L1-7-0460,2026-09-07,U0100,/pricing
L1-7-0461,2026-09-07,U0101,/docs
L1-7-0462,2026-09-07,U0102,/products
L1-7-0463,2026-09-07,U0103,/contact
L1-7-0464,2026-09-07,U0104,/home
L1-7-0465,2026-09-07,U0105,/pricing
L1-7-0466,2026-09-07,U0106,/docs
L1-7-0467,2026-09-07,U0107,/products
L1-7-0468,2026-09-07,U0108,/contact
L1-7-0469,2026-09-07,U0109,/home
L1-7-0470,2026-09-07,U0110,/pricing
L1-7-0471,2026-09-07,U0111,/docs
L1-7-0472,2026-09-07,U0112,/products
L1-7-0473,2026-09-07,U0113,/contact
L1-7-0474,2026-09-07,U0114,/home
L1-7-0475,2026-09-07,U0115,/pricing
L1-7-0476,2026-09-07,U0116,/docs
L1-7-0477,2026-09-07,U0117,/products
L1-7-0478,2026-09-07,U0118,/contact
L1-7-0479,2026-09-07,U0119,/home
L1-7-0480,2026-09-07,U0120,/pricing
L1-7-0481,2026-09-07,U0121,/docs
L1-7-0482,2026-09-07,U0122,/products
L1-7-0483,2026-09-07,U0123,/contact
L1-7-0484,2026-09-07,U0124,/home
L1-7-0485,2026-09-07,U0125,/pricing
L1-7-0486,2026-09-07,U0126,/docs
L1-7-0487,2026-09-07,U0127,/products
L1-7-0488,2026-09-07,U0128,/contact
L1-7-0489,2026-09-07,U0129,/home
L1-7-0490,2026-09-07,U0130,/pricing
L1-7-0491,2026-09-07,U0131,/docs
L1-7-0492,2026-09-07,U0132,/products
L1-7-0493,2026-09-07,U0133,/contact
L1-7-0494,2026-09-07,U0134,/home
L1-7-0495,2026-09-07,U0135,/pricing
L1-7-0496,2026-09-07,U0136,/docs
L1-7-0497,2026-09-07,U0137,/products
L1-7-0498,2026-09-07,U0138,/contact
L1-7-0499,2026-09-07,U0139,/home
L1-7-0500,2026-09-07,U0140,/pricing
L1-7-0501,2026-09-07,U0141,/docs
L1-7-0502,2026-09-07,U0142,/products
L1-7-0503,2026-09-07,U0143,/contact
L1-7-0504,2026-09-07,U0144,/home
L1-7-0505,2026-09-07,U0145,/pricing
L1-7-0506,2026-09-07,U0146,/docs
L1-7-0507,2026-09-07,U0147,/products
L1-7-0508,2026-09-07,U0148,/contact
L1-7-0509,2026-09-07,U0149,/home
L1-7-0510,2026-09-07,U0150,/pricing
L1-7-0511,2026-09-07,U0151,/docs
L1-7-0512,2026-09-07,U0152,/products
L1-7-0513,2026-09-07,U0153,/contact
L1-7-0514,2026-09-07,U0154,/home
L1-7-0515,2026-09-07,U0155,/pricing
L1-7-0516,2026-09-07,U0156,/docs
L1-7-0517,2026-09-07,U0157,/products
L1-7-0518,2026-09-07,U0158,/contact
L1-7-0519,2026-09-07,U0159,/home
L1-7-0520,2026-09-07,U0160,/pricing
L1-7-0521,2026-09-07,U0161,/docs
L1-7-0522,2026-09-07,U0162,/products
L1-7-0523,2026-09-07,U0163,/contact
L1-7-0524,2026-09-07,U0164,/home
L1-7-0525,2026-09-07,U0165,/pricing
L1-7-0526,2026-09-07,U0166,/docs
L1-7-0527,2026-09-07,U0167,/products
L1-7-0528,2026-09-07,U0168,/contact
L1-7-0529,2026-09-07,U0169,/home
L1-7-0530,2026-09-07,U0170,/pricing
L1-7-0531,2026-09-07,U0171,/docs
L1-7-0532,2026-09-07,U0172,/products
L1-7-0533,2026-09-07,U0173,/contact
L1-7-0534,2026-09-07,U0174,/home
L1-7-0535,2026-09-07,U0175,/pricing
L1-7-0536,2026-09-07,U0176,/docs
L1-7-0537,2026-09-07,U0177,/products
L1-7-0538,2026-09-07,U0178,/contact
L1-7-0539,2026-09-07,U0179,/home
L1-7-0540,2026-09-07,U0180,/pricing
L1-7-0541,2026-09-07,U0181,/docs
L1-7-0542,2026-09-07,U0182,/products
L1-7-0543,2026-09-07,U0183,/contact
L1-7-0544,2026-09-07,U0184,/home
L1-7-0545,2026-09-07,U0185,/pricing
L1-7-0546,2026-09-07,U0186,/docs
L1-7-0547,2026-09-07,U0187,/products
L1-7-0548,2026-09-07,U0188,/contact
L1-7-0549,2026-09-07,U0189,/home
L1-7-0550,2026-09-07,U0190,/pricing
L1-7-0551,2026-09-07,U0191,/docs
L1-7-0552,2026-09-07,U0192,/products
L1-7-0553,2026-09-07,U0193,/contact
L1-7-0554,2026-09-07,U0194,/home
L1-7-0555,2026-09-07,U0195,/pricing
L1-7-0556,2026-09-07,U0196,/docs
L1-7-0557,2026-09-07,U0197,/products
L1-7-0558,2026-09-07,U0198,/contact
L1-7-0559,2026-09-07,U0199,/home
L1-7-0560,2026-09-07,U0200,/pricing
L1-7-0561,2026-09-07,U0201,/docs
L1-7-0562,2026-09-07,U0202,/products
L1-7-0563,2026-09-07,U0203,/contact
L1-7-0564,2026-09-07,U0204,/home
L1-7-0565,2026-09-07,U0205,/pricing
L1-7-0566,2026-09-07,U0206,/docs
L1-7-0567,2026-09-07,U0207,/products
L1-7-0568,2026-09-07,U0208,/contact
L1-7-0569,2026-09-07,U0209,/home
L1-7-0570,2026-09-07,U0210,/pricing
L1-7-0571,2026-09-07,U0211,/docs
L1-7-0572,2026-09-07,U0212,/products
L1-7-0573,2026-09-07,U0213,/contact
L1-7-0574,2026-09-07,U0214,/home
L1-7-0575,2026-09-07,U0215,/pricing
L1-7-0576,2026-09-07,U0216,/docs
L1-7-0577,2026-09-07,U0217,/products
L1-7-0578,2026-09-07,U0218,/contact
L1-7-0579,2026-09-07,U0219,/home
L1-7-0580,2026-09-07,U0220,/pricing
L1-7-0581,2026-09-07,U0221,/docs
L1-7-0582,2026-09-07,U0222,/products
L1-7-0583,2026-09-07,U0223,/contact
L1-7-0584,2026-09-07,U0224,/home
L1-7-0585,2026-09-07,U0225,/pricing
L1-7-0586,2026-09-07,U0226,/docs
L1-7-0587,2026-09-07,U0227,/products
L1-7-0588,2026-09-07,U0228,/contact
L1-7-0589,2026-09-07,U0229,/home
L1-7-0590,2026-09-07,U0230,/pricing
L1-7-0591,2026-09-07,U0231,/docs
L1-7-0592,2026-09-07,U0232,/products
L1-7-0593,2026-09-07,U0233,/contact
L1-7-0594,2026-09-07,U0234,/home
L1-7-0595,2026-09-07,U0235,/pricing
L1-7-0596,2026-09-07,U0236,/docs
L1-7-0597,2026-09-07,U0237,/products
L1-7-0598,2026-09-07,U0238,/contact
L1-7-0599,2026-09-07,U0239,/home
L1-7-0600,2026-09-07,U0240,/pricing
